Player, %AST, %OREB, %DREB, %STL, %BLK, FREQ_6, Diff%_6, FREQ_15, Diff%_15, Freq_Handoff_Off, eFG%_Handoff_Off, Freq_Iso_Def, eFG%_Iso_Def, Freq_Iso_Off, eFG%_Iso_Off, Freq_OffScreen_Off, eFG%_OffScreen_Off, Freq_P&R_Handler_Off, eFG%_P&R_Handler_Off, Freq_P&R_Man_Off, eFG%_P&R_Man_Off, Freq_Postup_Off, eFG%_Postup_Off, Freq_Putbacks_Off, eFG%_Putbacks_Off, Freq_Spotup_Off, eFG%_Spotup_Off, Freq_Tight, eFG%_Tight, Freq_Open, eFG%_Open, FGA_Catch_And_Shoot, EFG%_Catch_And_Shoot, FGA_Pull_Up, EFG%_Pull_Up, DRIVES_Drives, FG%_Drives
Aaron Gordon, 38, 75, 50, 13, 72, 46, 60, 37, 49, 54, 75, 65, 28, 77, 63, 54, 88, 45, 46, 68, 86, 94, 88, 75, 63, 34, 52, 67, 86, 44, 69, 60, 52, 64, 50, 55, 75
Aaron Holiday, 83, 38, 17, 90, 17, 18, 61, 86, 59, 73, 87, 10, 99, 78, 78, 32, 32, 84, 67, 42, 43, 57, 46, 22, 22, 68, 53, 74, 33, 31, 13, 21, 46, 55, 70, 77, 44
Aaron Nesmith, 7, 42, 42, 84, 26, 52, 28, 54, 0, 36, 35, 52, 11, 41, 42, 90, 94, 28, 29, 41, 43, 56, 46, 22, 22, 99, 24, 9, 48, 89, 14, 39, 16, 36, 36, 28, 82
Aaron Wiggins, 31, 64, 25, 26, 26, 48, 22, 48, 79, 41, 61, 48, 17, 49, 63, 33, 32, 60, 58, 41, 43, 53, 46, 73, 53, 85, 24, 63, 57, 26, 72, 51, 27, 24, 21, 63, 42
Al Horford, 68, 72, 87, 36, 87, 15, 92, 67, 82, 30, 36, 99, 70, 44, 87, 33, 32, 27, 28, 88, 63, 93, 87, 68, 96, 70, 72, 31, 73, 24, 48, 83, 38, 22, 96, 28, 94
Alec Burks, 71, 19, 64, 75, 32, 11, 18, 94, 62, 54, 78, 27, 81, 68, 61, 34, 33, 90, 57, 39, 42, 66, 67, 36, 45, 76, 76, 39, 5, 55, 11, 64, 87, 78, 70, 76, 11
Aleksej Pokusevski, 68, 73, 81, 54, 79, 81, 68, 61, 73, 51, 39, 24, 63, 50, 68, 62, 97, 64, 40, 77, 68, 62, 46, 80, 55, 64, 21, 30, 38, 51, 30, 60, 22, 53, 20, 61, 19
Alex Caruso, 83, 50, 27, 99, 50, 12, 6, 79, 71, 49, 50, 62, 77, 33, 42, 34, 33, 70, 47, 43, 41, 60, 47, 56, 27, 81, 30, 30, 15, 37, 25, 53, 45, 50, 32, 62, 25
Alperen Sengun, 78, 88, 82, 79, 93, 98, 59, 11, 38, 36, 35, 93, 33, 75, 88, 34, 34, 26, 28, 84, 63, 98, 87, 84, 72, 34, 18, 81, 54, 8, 46, 25, 15, 30, 12, 54, 26
Amir Coffey, 50, 25, 29, 34, 27, 32, 85, 57, 50, 83, 93, 80, 66, 58, 51, 60, 97, 68, 64, 47, 41, 60, 47, 40, 35, 76, 68, 24, 56, 74, 50, 64, 76, 51, 58, 51, 76
Andre Drummond, 59, 100, 100, 96, 89, 74, 79, 25, 8, 32, 32, 20, 10, 36, 40, 35, 37, 26, 27, 85, 84, 91, 69, 98, 64, 16, 16, 96, 68, 10, 95, 6, 6, 12, 34, 23, 23
Andrew Wiggins, 37, 55, 19, 44, 65, 47, 76, 54, 29, 75, 69, 45, 62, 84, 69, 78, 67, 69, 73, 47, 40, 82, 74, 55, 78, 55, 70, 43, 44, 79, 30, 87, 85, 81, 46, 79, 55
Anfernee Simons, 80, 11, 6, 3, 4, 36, 1, 52, 29, 77, 91, 40, 17, 95, 62, 65, 54, 92, 92, 45, 44, 60, 47, 19, 21, 39, 98, 60, 26, 88, 75, 79, 99, 93, 80, 81, 67
Anthony Edwards, 69, 29, 43, 73, 50, 63, 50, 69, 19, 80, 81, 36, 21, 98, 77, 72, 72, 81, 66, 44, 46, 59, 48, 37, 43, 30, 82, 42, 46, 95, 44, 66, 88, 92, 62, 91, 62
Anthony Gill, 30, 82, 44, 0, 75, 3, 41, 1, 85, 34, 25, 98, 58, 38, 41, 36, 35, 25, 26, 80, 97, 42, 48, 90, 52, 63, 92, 89, 74, 5, 94, 11, 99, 3, 0, 27, 46
Armoni Brooks, 50, 27, 29, 52, 38, 28, 46, 94, 35, 98, 96, 9, 94, 70, 68, 96, 60, 63, 46, 44, 46, 39, 48, 19, 20, 70, 25, 15, 52, 99, 10, 56, 22, 60, 53, 29, 79
Austin Reaves, 52, 54, 29, 11, 34, 58, 34, 40, 69, 56, 70, 91, 48, 78, 95, 65, 91, 59, 65, 67, 98, 49, 48, 53, 40, 73, 35, 15, 50, 27, 75, 45, 52, 47, 31, 47, 91
Austin Rivers, 27, 9, 2, 72, 5, 40, 10, 40, 62, 74, 38, 37, 29, 93, 80, 65, 51, 58, 39, 40, 45, 47, 49, 18, 20, 93, 97, 15, 80, 76, 15, 50, 67, 43, 19, 53, 73
Avery Bradley, 3, 35, 6, 66, 13, 46, 0, 62, 62, 68, 71, 23, 18, 37, 38, 71, 99, 56, 85, 69, 67, 64, 49, 54, 80, 78, 39, 7, 11, 33, 46, 62, 80, 52, 68, 22, 6
Ayo Dosunmu, 75, 14, 14, 48, 51, 88, 34, 13, 77, 40, 97, 31, 63, 59, 89, 37, 31, 66, 96, 28, 45, 45, 53, 45, 30, 79, 62, 49, 88, 17, 57, 50, 74, 54, 87, 64, 76
Bam Adebayo, 62, 87, 93, 88, 90, 48, 64, 58, 98, 25, 26, 97, 74, 78, 82, 38, 34, 38, 77, 85, 72, 96, 80, 74, 94, 16, 60, 87, 81, 53, 35, 20, 13, 69, 29, 57, 90
Ben McLemore, 19, 1, 7, 29, 24, 39, 2, 93, 26, 97, 68, 45, 35, 43, 31, 100, 62, 40, 38, 37, 46, 43, 50, 18, 19, 67, 87, 40, 23, 83, 75, 97, 65, 57, 60, 22, 40
Blake Griffin, 67, 83, 76, 47, 47, 22, 60, 56, 86, 26, 28, 90, 64, 34, 32, 32, 28, 24, 29, 92, 60, 84, 73, 84, 51, 52, 26, 23, 59, 39, 51, 44, 13, 31, 66, 17, 49
Bobby Portis, 11, 85, 89, 32, 82, 60, 84, 58, 80, 37, 44, 91, 42, 45, 60, 53, 99, 23, 25, 82, 77, 95, 79, 87, 47, 47, 67, 59, 78, 64, 39, 93, 75, 61, 73, 32, 53
Bogdan Bogdanovic, 66, 16, 46, 73, 19, 25, 23, 64, 30, 84, 88, 52, 23, 82, 91, 94, 58, 72, 60, 56, 48, 65, 66, 34, 54, 57, 90, 26, 16, 92, 55, 91, 75, 84, 87, 77, 71
Bojan Bogdanovic, 33, 43, 32, 2, 0, 24, 62, 74, 52, 52, 89, 85, 19, 66, 49, 96, 86, 52, 89, 57, 52, 85, 72, 50, 61, 59, 88, 35, 46, 51, 77, 94, 77, 74, 65, 76, 63
Bones Hyland, 79, 3, 56, 61, 60, 57, 34, 72, 45, 79, 75, 30, 4, 83, 72, 77, 87, 80, 62, 35, 30, 38, 50, 17, 18, 51, 75, 10, 12, 60, 18, 62, 64, 75, 80, 62, 15
Brandon Boston Jr., 40, 34, 43, 63, 42, 76, 37, 72, 52, 87, 42, 61, 88, 81, 62, 71, 68, 73, 50, 35, 39, 56, 50, 54, 29, 50, 28, 70, 20, 70, 21, 18, 32, 72, 43, 43, 9
Brandon Clarke, 36, 87, 68, 26, 81, 79, 91, 39, 74, 43, 87, 89, 13, 48, 63, 26, 27, 22, 24, 88, 95, 55, 50, 93, 91, 27, 41, 93, 96, 17, 93, 13, 20, 25, 31, 34, 86
Brandon Ingram, 85, 19, 65, 5, 48, 60, 22, 87, 19, 76, 74, 24, 78, 93, 52, 91, 80, 78, 79, 54, 50, 77, 78, 32, 38, 28, 61, 81, 24, 76, 40, 90, 51, 95, 64, 94, 71
Bruce Brown, 49, 70, 59, 92, 74, 52, 88, 34, 99, 28, 31, 28, 68, 47, 52, 27, 27, 44, 86, 78, 61, 52, 51, 79, 40, 52, 68, 85, 58, 23, 69, 32, 53, 26, 15, 46, 36
Bryn Forbes, 23, 0, 1, 6, 4, 36, 21, 73, 15, 29, 32, 0, 98, 33, 33, 27, 28, 22, 23, 33, 30, 52, 51, 16, 18, 0, 2, 20, 20, 96, 63, 71, 83, 68, 68, 47, 38
Buddy Hield, 58, 35, 46, 54, 25, 93, 21, 17, 23, 90, 63, 71, 38, 51, 51, 99, 83, 67, 58, 52, 50, 51, 51, 51, 35, 43, 77, 21, 22, 75, 68, 98, 77, 85, 62, 73, 34
CJ Elleby, 50, 70, 66, 30, 60, 77, 74, 42, 68, 63, 41, 72, 6, 41, 33, 74, 56, 56, 42, 32, 31, 58, 52, 75, 36, 84, 21, 46, 22, 59, 12, 46, 24, 33, 15, 50, 12
CJ McCollum, 82, 30, 27, 56, 34, 13, 30, 82, 7, 30, 31, 1, 98, 30, 34, 28, 28, 21, 23, 29, 32, 63, 52, 16, 17, 8, 3, 66, 42, 74, 43, 73, 93, 98, 85, 92, 58
Cade Cunningham, 90, 40, 63, 81, 64, 86, 80, 30, 27, 68, 47, 77, 66, 87, 66, 68, 60, 93, 74, 49, 100, 65, 84, 42, 30, 33, 45, 66, 38, 47, 12, 77, 29, 87, 49, 97, 59
Caleb Martin, 14, 72, 47, 81, 75, 29, 62, 80, 72, 52, 50, 50, 53, 66, 86, 31, 29, 46, 42, 60, 99, 64, 52, 67, 90, 78, 94, 52, 73, 58, 72, 42, 77, 46, 86, 52, 81
Cam Reddish, 24, 28, 7, 97, 53, 17, 7, 93, 97, 28, 31, 7, 99, 40, 34, 29, 29, 21, 23, 43, 33, 61, 52, 23, 17, 2, 3, 34, 7, 82, 28, 56, 68, 72, 30, 66, 50
Cam Thomas, 48, 4, 50, 63, 12, 91, 20, 23, 44, 89, 61, 79, 38, 88, 83, 62, 52, 79, 57, 38, 38, 50, 53, 26, 19, 58, 42, 56, 48, 86, 23, 25, 17, 82, 75, 66, 81
Cameron Johnson, 22, 33, 50, 50, 24, 41, 56, 45, 54, 62, 82, 80, 42, 44, 99, 92, 62, 42, 38, 66, 54, 42, 45, 47, 91, 93, 95, 5, 31, 72, 82, 97, 92, 48, 16, 51, 45
Cameron Payne, 97, 21, 38, 45, 36, 49, 9, 53, 54, 57, 72, 43, 58, 71, 70, 30, 30, 99, 59, 30, 34, 40, 49, 34, 36, 36, 65, 66, 21, 32, 35, 38, 49, 77, 58, 87, 35
Caris LeVert, 79, 31, 23, 62, 39, 26, 7, 62, 54, 27, 30, 2, 89, 41, 35, 30, 31, 29, 22, 28, 34, 38, 45, 23, 25, 3, 4, 66, 40, 63, 41, 36, 81, 92, 48, 97, 66
Carmelo Anthony, 9, 60, 49, 44, 73, 64, 28, 45, 65, 40, 55, 76, 72, 76, 77, 74, 93, 38, 47, 70, 53, 96, 86, 61, 77, 65, 53, 72, 37, 66, 63, 95, 64, 76, 86, 16, 84
Cedi Osman, 57, 22, 11, 82, 19, 32, 30, 91, 88, 27, 30, 2, 92, 39, 35, 38, 43, 29, 25, 35, 35, 44, 40, 24, 25, 3, 5, 19, 81, 52, 25, 84, 46, 56, 87, 56, 38
Chimezie Metu, 18, 52, 93, 77, 70, 77, 72, 60, 4, 26, 29, 96, 50, 58, 55, 31, 38, 34, 30, 76, 69, 81, 96, 49, 98, 92, 21, 39, 67, 41, 64, 60, 28, 48, 38, 53, 21
Chris Boucher, 0, 81, 84, 26, 90, 85, 72, 26, 75, 38, 38, 69, 60, 31, 35, 38, 44, 34, 30, 79, 57, 48, 37, 95, 41, 56, 45, 61, 80, 45, 60, 60, 23, 29, 9, 13, 21
Chris Duarte, 47, 40, 42, 76, 8, 71, 65, 32, 20, 95, 65, 37, 21, 74, 69, 72, 51, 72, 72, 51, 98, 46, 37, 52, 32, 52, 59, 44, 16, 77, 35, 57, 78, 84, 56, 78, 19
Chris Paul, 100, 5, 39, 95, 31, 50, 17, 79, 61, 46, 92, 12, 87, 87, 60, 40, 45, 100, 91, 34, 36, 46, 38, 25, 26, 22, 43, 17, 41, 100, 51, 14, 71, 97, 88, 93, 89
Christian Wood, 47, 77, 98, 48, 84, 26, 64, 84, 70, 38, 64, 96, 50, 91, 81, 77, 92, 36, 95, 86, 85, 87, 83, 72, 94, 34, 48, 74, 79, 46, 50, 74, 73, 63, 67, 65, 75
Chuma Okeke, 42, 47, 72, 98, 72, 81, 50, 33, 40, 87, 83, 63, 49, 51, 76, 76, 88, 54, 40, 58, 70, 68, 70, 46, 52, 92, 23, 10, 36, 75, 20, 87, 34, 56, 26, 52, 23
Clint Capela, 12, 99, 99, 42, 96, 79, 74, 14, 9, 25, 32, 43, 46, 34, 36, 46, 46, 33, 34, 95, 94, 71, 73, 99, 37, 8, 13, 98, 85, 9, 98, 1, 1, 0, 25, 6, 36
Coby White, 68, 7, 25, 10, 17, 70, 40, 38, 70, 44, 52, 22, 9, 55, 84, 70, 96, 77, 68, 36, 37, 47, 38, 23, 25, 91, 79, 17, 30, 69, 54, 89, 83, 73, 55, 79, 61
Cody Martin, 56, 63, 39, 85, 54, 30, 39, 77, 60, 71, 40, 50, 3, 54, 99, 46, 46, 57, 40, 56, 51, 44, 38, 58, 30, 72, 85, 55, 71, 37, 66, 41, 57, 40, 38, 57, 56
Cole Anthony, 91, 14, 61, 39, 17, 15, 38, 69, 28, 77, 78, 36, 22, 79, 65, 54, 51, 93, 62, 37, 38, 44, 38, 31, 38, 31, 37, 56, 9, 64, 33, 70, 54, 89, 46, 92, 35
Corey Kispert, 14, 50, 12, 19, 35, 63, 44, 31, 50, 84, 57, 72, 20, 36, 38, 89, 55, 40, 87, 57, 64, 44, 39, 62, 85, 91, 82, 13, 85, 57, 42, 78, 51, 40, 26, 31, 68
Cory Joseph, 83, 19, 21, 41, 30, 82, 51, 35, 53, 71, 47, 60, 45, 56, 85, 47, 47, 87, 62, 57, 74, 45, 39, 7, 17, 61, 91, 37, 26, 55, 34, 34, 96, 59, 34, 79, 56
D'Angelo Russell, 96, 3, 19, 34, 22, 61, 25, 57, 32, 65, 97, 44, 5, 85, 88, 67, 59, 90, 74, 32, 44, 65, 66, 26, 85, 36, 46, 23, 64, 96, 23, 81, 47, 93, 65, 76, 68
D.J. Augustin, 78, 7, 4, 24, 1, 91, 1, 20, 91, 23, 27, 4, 92, 37, 39, 48, 48, 32, 33, 32, 30, 45, 39, 7, 16, 5, 5, 7, 6, 97, 89, 34, 99, 51, 57, 55, 13
Dalano Banton, 86, 58, 51, 62, 50, 38, 56, 87, 77, 64, 36, 58, 17, 75, 98, 48, 48, 72, 39, 27, 38, 46, 40, 79, 64, 36, 19, 76, 35, 31, 38, 11, 8, 41, 37, 44, 19
Damian Jones, 41, 91, 77, 40, 95, 77, 75, 23, 1, 29, 27, 95, 14, 32, 38, 48, 48, 32, 33, 98, 94, 83, 99, 88, 92, 20, 46, 83, 99, 18, 86, 16, 69, 19, 11, 15, 96
Damion Lee, 16, 40, 54, 54, 13, 49, 16, 89, 46, 89, 64, 65, 81, 31, 37, 95, 81, 44, 37, 28, 37, 46, 40, 42, 99, 85, 43, 19, 83, 54, 25, 57, 33, 52, 32, 51, 67
Daniel Gafford, 15, 95, 76, 24, 97, 97, 92, 4, 5, 30, 26, 17, 16, 40, 37, 49, 49, 31, 32, 97, 87, 77, 98, 97, 87, 7, 6, 94, 97, 12, 99, 8, 4, 1, 99, 9, 64
Daniel Theis, 15, 79, 70, 17, 77, 71, 53, 36, 12, 35, 26, 5, 91, 37, 37, 49, 49, 31, 32, 29, 35, 50, 40, 6, 7, 7, 3, 32, 99, 45, 47, 62, 20, 17, 6, 12, 27
Danilo Gallinari, 36, 33, 73, 4, 20, 66, 15, 68, 76, 42, 69, 98, 52, 85, 70, 59, 50, 52, 41, 75, 71, 96, 85, 45, 28, 80, 86, 14, 55, 99, 27, 77, 86, 73, 33, 44, 58
Danny Green, 18, 49, 16, 87, 74, 23, 22, 50, 76, 47, 54, 63, 77, 38, 36, 45, 46, 30, 32, 30, 34, 48, 44, 51, 84, 99, 87, 11, 51, 83, 45, 75, 87, 40, 19, 21, 11
Danuel House Jr., 39, 34, 47, 40, 63, 1, 43, 2, 85, 34, 25, 5, 91, 38, 36, 47, 44, 30, 32, 27, 33, 48, 41, 5, 6, 7, 1, 12, 14, 84, 21, 49, 77, 40, 60, 39, 7
Darius Bazley, 28, 60, 78, 55, 85, 68, 33, 71, 51, 62, 51, 75, 53, 69, 46, 54, 76, 54, 43, 77, 58, 49, 41, 63, 74, 83, 46, 59, 44, 28, 24, 68, 26, 39, 22, 73, 22
Darius Garland, 98, 15, 6, 75, 3, 34, 9, 68, 23, 74, 58, 16, 29, 89, 94, 89, 85, 96, 86, 31, 33, 49, 42, 26, 47, 24, 51, 42, 36, 72, 67, 65, 58, 95, 90, 99, 66
David Nwaba, 35, 70, 86, 83, 79, 80, 27, 11, 2, 33, 28, 15, 0, 31, 36, 40, 38, 46, 77, 68, 48, 50, 42, 83, 70, 67, 44, 77, 42, 21, 94, 15, 15, 11, 98, 34, 42
Davion Mitchell, 85, 17, 3, 32, 36, 11, 54, 80, 40, 69, 67, 25, 82, 90, 64, 53, 61, 94, 81, 31, 32, 43, 42, 15, 5, 41, 36, 37, 29, 56, 19, 48, 33, 87, 48, 88, 66
Davis Bertans, 10, 17, 53, 33, 55, 88, 19, 9, 11, 31, 34, 6, 92, 33, 38, 40, 39, 19, 31, 38, 31, 43, 42, 5, 5, 0, 7, 33, 5, 79, 80, 75, 40, 29, 85, 20, 5
Davon Reed, 47, 36, 55, 67, 56, 1, 42, 2, 74, 66, 76, 68, 87, 34, 34, 40, 39, 62, 94, 38, 31, 37, 43, 5, 5, 94, 89, 17, 95, 94, 28, 26, 96, 46, 95, 25, 45
De'Aaron Fox, 87, 7, 22, 76, 41, 50, 9, 55, 15, 81, 65, 17, 83, 87, 89, 41, 39, 96, 71, 44, 30, 66, 74, 5, 4, 27, 40, 70, 40, 75, 44, 28, 42, 97, 64, 98, 72
De'Andre Hunter, 11, 18, 20, 27, 46, 11, 52, 80, 51, 61, 65, 64, 51, 82, 57, 87, 69, 59, 66, 62, 55, 73, 72, 41, 33, 69, 58, 50, 31, 48, 11, 76, 62, 71, 41, 74, 32
De'Anthony Melton, 67, 44, 67, 90, 58, 98, 26, 12, 42, 79, 59, 32, 44, 56, 48, 73, 74, 68, 48, 46, 34, 37, 43, 52, 79, 64, 58, 34, 22, 66, 26, 74, 83, 70, 42, 67, 17
DeAndre Jordan, 5, 98, 96, 18, 93, 54, 57, 37, 5, 35, 36, 7, 97, 36, 33, 42, 40, 6, 10, 45, 38, 38, 43, 4, 4, 6, 11, 98, 90, 11, 99, 2, 4, 1, 1, 3, 99
DeAndre' Bembry, 32, 64, 40, 96, 59, 61, 70, 50, 97, 23, 33, 21, 1, 36, 32, 42, 43, 42, 36, 70, 50, 38, 44, 78, 39, 66, 85, 87, 77, 11, 98, 12, 62, 8, 2, 35, 62
DeMar DeRozan, 81, 36, 48, 36, 29, 87, 26, 25, 38, 50, 88, 23, 42, 97, 87, 75, 70, 97, 82, 46, 46, 81, 83, 32, 83, 25, 55, 91, 51, 54, 44, 52, 36, 99, 81, 97, 84
DeMarcus Cousins, 61, 89, 97, 93, 89, 96, 66, 7, 99, 22, 33, 6, 95, 35, 32, 43, 41, 6, 6, 47, 48, 39, 44, 3, 4, 6, 10, 62, 72, 29, 19, 52, 19, 16, 17, 37, 80
Dean Wade, 28, 47, 42, 53, 23, 83, 95, 19, 6, 16, 34, 85, 64, 35, 30, 43, 41, 20, 6, 78, 72, 39, 44, 3, 3, 97, 53, 11, 74, 62, 84, 55, 60, 25, 56, 28, 84
Deandre Ayton, 11, 99, 94, 11, 85, 32, 85, 51, 88, 6, 35, 59, 49, 35, 32, 43, 42, 7, 6, 98, 86, 99, 93, 86, 75, 13, 35, 92, 87, 36, 91, 52, 68, 30, 87, 11, 87
Dejounte Murray, 99, 47, 88, 99, 22, 98, 64, 21, 34, 59, 91, 21, 16, 89, 69, 55, 80, 98, 72, 38, 47, 40, 45, 43, 47, 26, 37, 77, 19, 70, 52, 53, 45, 96, 60, 99, 67
Delon Wright, 78, 54, 45, 99, 42, 35, 5, 44, 83, 49, 46, 32, 69, 64, 43, 44, 42, 85, 68, 39, 47, 40, 53, 59, 89, 56, 76, 44, 32, 25, 60, 19, 69, 37, 92, 58, 24
Deni Avdija, 53, 48, 80, 63, 65, 72, 84, 30, 57, 70, 58, 93, 48, 53, 56, 61, 98, 65, 81, 56, 49, 70, 89, 55, 56, 87, 40, 38, 25, 43, 22, 61, 30, 38, 38, 60, 58
Dennis Schroder, 89, 25, 26, 51, 3, 65, 51, 35, 39, 74, 95, 46, 89, 95, 70, 64, 87, 92, 78, 40, 44, 41, 54, 2, 3, 42, 52, 55, 29, 62, 36, 61, 37, 81, 55, 90, 58
Derrick Jones Jr., 5, 79, 46, 40, 87, 61, 70, 28, 22, 7, 24, 81, 65, 32, 31, 41, 25, 8, 8, 81, 73, 41, 61, 91, 69, 62, 22, 75, 85, 6, 85, 22, 35, 4, 98, 12, 7
Derrick White, 81, 17, 24, 51, 67, 74, 89, 21, 21, 93, 52, 42, 83, 49, 86, 78, 56, 86, 77, 40, 39, 41, 61, 1, 3, 53, 60, 46, 49, 50, 16, 76, 31, 72, 59, 89, 54
Desmond Bane, 58, 12, 47, 62, 23, 10, 76, 75, 12, 96, 85, 32, 52, 48, 97, 95, 78, 66, 54, 42, 39, 42, 62, 40, 57, 43, 95, 53, 27, 64, 84, 82, 94, 90, 88, 72, 38
Devin Booker, 73, 26, 44, 48, 37, 38, 82, 72, 17, 75, 54, 53, 68, 93, 75, 90, 77, 83, 83, 48, 66, 69, 80, 35, 50, 25, 82, 75, 34, 81, 60, 71, 87, 99, 82, 88, 43
Devin Vassell, 34, 28, 56, 74, 61, 95, 67, 15, 28, 93, 82, 46, 56, 32, 31, 77, 64, 62, 48, 41, 40, 42, 62, 50, 50, 89, 51, 26, 19, 92, 58, 91, 71, 76, 47, 65, 66
Devonte' Graham, 80, 14, 2, 60, 12, 8, 4, 82, 50, 64, 49, 19, 9, 65, 54, 81, 89, 86, 50, 42, 40, 51, 62, 28, 45, 61, 69, 44, 11, 87, 23, 87, 80, 83, 36, 71, 25
Dewayne Dedmon, 17, 92, 96, 29, 96, 55, 79, 14, 89, 7, 7, 18, 79, 32, 34, 19, 7, 4, 9, 92, 88, 72, 91, 92, 80, 19, 31, 84, 75, 21, 89, 17, 47, 10, 10, 6, 94
Domantas Sabonis, 81, 89, 95, 55, 39, 84, 56, 12, 58, 7, 7, 83, 40, 44, 85, 7, 7, 4, 5, 90, 92, 95, 82, 87, 75, 23, 20, 86, 91, 10, 46, 48, 31, 29, 9, 56, 87
Donovan Mitchell, 89, 37, 21, 89, 5, 25, 5, 70, 23, 68, 55, 13, 10, 84, 90, 68, 70, 99, 90, 34, 41, 51, 63, 32, 94, 26, 63, 65, 50, 80, 53, 71, 44, 98, 86, 97, 77
Donte DiVincenzo, 74, 66, 53, 95, 21, 64, 37, 85, 20, 7, 7, 8, 90, 34, 42, 7, 8, 3, 5, 26, 42, 58, 60, 0, 2, 3, 8, 12, 5, 47, 5, 79, 56, 60, 27, 68, 7
Dorian Finney-Smith, 30, 68, 21, 78, 60, 20, 68, 59, 81, 41, 84, 57, 59, 38, 40, 61, 74, 40, 51, 68, 84, 59, 54, 66, 76, 98, 84, 0, 2, 2, 1, 1, 3, 5, 3, 0, 3
Doug McDermott, 11, 8, 7, 0, 6, 46, 8, 66, 21, 97, 95, 90, 40, 42, 42, 98, 70, 55, 87, 7, 42, 59, 54, 46, 85, 62, 79, 60, 64, 60, 78, 85, 85, 55, 94, 54, 31
Draymond Green, 96, 57, 87, 82, 86, 7, 94, 83, 90, 10, 8, 21, 10, 42, 41, 8, 9, 42, 41, 76, 77, 76, 91, 60, 45, 38, 54, 83, 82, 23, 71, 23, 27, 21, 10, 48, 94
Drew Eubanks, 40, 92, 90, 17, 81, 87, 56, 23, 9, 8, 8, 48, 14, 42, 39, 8, 12, 3, 1, 99, 54, 83, 77, 89, 53, 15, 27, 90, 91, 12, 93, 14, 19, 19, 95, 10, 17
Duane Washington Jr., 54, 0, 11, 50, 2, 42, 11, 76, 48, 80, 77, 64, 41, 66, 62, 85, 63, 72, 53, 59, 49, 60, 56, 15, 1, 68, 84, 53, 17, 56, 47, 67, 85, 68, 52, 68, 31
Duncan Robinson, 32, 5, 13, 9, 32, 16, 29, 81, 11, 100, 85, 92, 4, 40, 39, 98, 82, 55, 97, 58, 65, 61, 56, 8, 0, 59, 78, 49, 50, 87, 71, 99, 47, 62, 96, 35, 69
Dwight Howard, 6, 97, 94, 70, 92, 43, 12, 17, 14, 9, 9, 28, 1, 40, 40, 9, 10, 2, 1, 87, 93, 78, 98, 98, 76, 16, 96, 95, 93, 11, 93, 9, 75, 11, 84, 5, 96
Dwight Powell, 29, 93, 56, 18, 77, 89, 45, 7, 91, 9, 11, 43, 44, 39, 40, 9, 10, 2, 2, 97, 95, 72, 98, 85, 71, 21, 19, 92, 97, 13, 96, 11, 17, 10, 24, 11, 41
Dylan Windler, 52, 63, 62, 57, 26, 2, 42, 0, 84, 9, 9, 0, 94, 39, 41, 10, 11, 1, 2, 8, 29, 62, 58, 14, 16, 1, 7, 6, 68, 50, 65, 24, 29, 10, 13, 20, 63
Elfrid Payton, 92, 45, 40, 87, 40, 19, 87, 90, 70, 79, 54, 42, 85, 42, 43, 10, 11, 95, 45, 8, 21, 62, 58, 66, 58, 38, 14, 87, 7, 23, 12, 9, 7, 34, 20, 67, 15
Eric Bledsoe, 87, 29, 36, 95, 53, 46, 40, 36, 58, 52, 50, 12, 54, 86, 72, 10, 11, 84, 51, 8, 7, 62, 59, 13, 15, 47, 70, 21, 61, 87, 10, 36, 74, 70, 21, 87, 70
Eric Gordon, 61, 2, 1, 9, 32, 15, 27, 87, 34, 85, 93, 66, 64, 83, 96, 82, 82, 85, 85, 9, 8, 63, 60, 13, 15, 54, 85, 29, 77, 41, 68, 66, 94, 66, 92, 81, 87
Eric Paschall, 27, 67, 26, 1, 16, 8, 2, 79, 6, 5, 9, 100, 72, 58, 50, 11, 6, 43, 92, 77, 93, 63, 63, 74, 87, 97, 74, 61, 60, 44, 61, 36, 71, 9, 34, 42, 93
Evan Fournier, 51, 8, 5, 80, 18, 44, 15, 56, 19, 95, 84, 34, 57, 53, 60, 93, 59, 74, 72, 9, 8, 58, 59, 31, 31, 75, 94, 25, 25, 65, 22, 92, 81, 84, 79, 70, 48
Evan Mobley, 44, 76, 79, 34, 94, 99, 96, 9, 9, 5, 10, 64, 71, 86, 79, 11, 6, 36, 55, 84, 67, 93, 86, 77, 69, 28, 15, 91, 57, 22, 26, 34, 12, 64, 36, 57, 19
Facundo Campazzo, 92, 27, 8, 97, 69, 19, 59, 92, 71, 63, 59, 40, 38, 71, 99, 11, 3, 83, 45, 10, 9, 58, 57, 12, 0, 53, 38, 8, 30, 36, 8, 40, 32, 50, 40, 60, 10
Frank Jackson, 20, 17, 1, 17, 14, 68, 32, 33, 26, 95, 52, 55, 44, 30, 30, 97, 58, 59, 44, 53, 86, 52, 60, 12, 15, 77, 44, 29, 40, 54, 25, 83, 34, 66, 59, 56, 37
Frank Ntilikina, 63, 21, 21, 73, 34, 53, 76, 26, 70, 82, 63, 82, 69, 62, 59, 6, 1, 67, 70, 13, 9, 52, 57, 11, 15, 88, 67, 10, 8, 63, 7, 31, 66, 47, 37, 38, 34
Franz Wagner, 61, 56, 30, 61, 44, 27, 93, 72, 25, 89, 57, 70, 35, 62, 87, 68, 87, 80, 55, 55, 52, 68, 70, 54, 51, 40, 60, 80, 47, 20, 70, 46, 59, 62, 63, 86, 44
Fred VanVleet, 95, 10, 31, 79, 48, 75, 77, 16, 14, 88, 76, 36, 31, 85, 71, 75, 81, 91, 76, 53, 87, 53, 64, 29, 46, 29, 91, 23, 4, 91, 67, 89, 95, 97, 73, 95, 22
Furkan Korkmaz, 60, 20, 35, 15, 8, 35, 38, 88, 52, 82, 66, 69, 9, 22, 22, 81, 89, 79, 46, 10, 10, 53, 61, 36, 81, 75, 23, 17, 20, 85, 11, 55, 23, 64, 37, 58, 51
Gabe Vincent, 77, 11, 3, 83, 28, 4, 12, 97, 44, 88, 89, 41, 80, 70, 55, 76, 90, 85, 70, 10, 10, 54, 62, 11, 13, 54, 83, 16, 82, 87, 31, 62, 75, 73, 72, 70, 60
Garrett Temple, 42, 30, 35, 80, 71, 27, 72, 50, 59, 70, 37, 70, 79, 8, 8, 76, 75, 55, 36, 11, 11, 54, 63, 50, 68, 93, 34, 5, 56, 80, 9, 54, 43, 45, 14, 36, 10
Garrison Mathews, 4, 24, 25, 71, 47, 76, 61, 35, 15, 99, 66, 89, 21, 8, 8, 95, 69, 38, 95, 27, 14, 54, 55, 11, 13, 81, 92, 54, 9, 76, 90, 92, 63, 42, 77, 26, 20
Gary Harris, 38, 38, 0, 66, 7, 10, 26, 76, 16, 98, 82, 28, 65, 49, 54, 83, 82, 64, 39, 11, 11, 54, 56, 47, 30, 64, 71, 21, 53, 84, 38, 81, 89, 66, 23, 58, 61
Gary Payton II, 15, 75, 57, 98, 52, 58, 57, 49, 96, 2, 11, 38, 70, 8, 8, 1, 5, 16, 11, 61, 88, 55, 55, 82, 83, 48, 75, 57, 99, 25, 95, 27, 70, 8, 9, 9, 83
Gary Trent Jr., 39, 1, 5, 87, 18, 44, 11, 77, 16, 89, 83, 56, 8, 79, 79, 89, 90, 76, 54, 48, 95, 55, 58, 27, 70, 48, 70, 48, 6, 91, 62, 89, 86, 95, 71, 66, 30
George Hill, 64, 46, 10, 54, 9, 6, 37, 74, 81, 53, 94, 56, 46, 71, 64, 2, 3, 76, 52, 11, 12, 56, 58, 51, 86, 71, 38, 26, 47, 29, 32, 40, 58, 45, 13, 55, 23
Georges Niang, 32, 15, 26, 7, 15, 42, 68, 50, 60, 61, 99, 97, 31, 9, 9, 67, 91, 37, 99, 72, 89, 56, 56, 37, 34, 100, 80, 6, 64, 77, 74, 91, 82, 34, 52, 50, 60
Giannis Antetokounmpo, 89, 78, 95, 58, 93, 56, 97, 65, 68, 37, 50, 53, 15, 97, 87, 50, 97, 53, 64, 73, 89, 92, 91, 64, 88, 20, 77, 80, 94, 48, 39, 18, 35, 92, 51, 93, 93
Goga Bitadze, 40, 90, 66, 46, 95, 99, 38, 6, 98, 3, 6, 91, 75, 9, 9, 3, 4, 17, 17, 97, 88, 84, 78, 92, 68, 27, 15, 68, 95, 20, 7, 29, 18, 15, 5, 9, 98
Gordon Hayward, 64, 37, 43, 28, 43, 47, 66, 47, 25, 86, 79, 79, 76, 77, 93, 81, 81, 66, 53, 62, 80, 81, 67, 40, 38, 40, 63, 24, 23, 68, 76, 82, 65, 79, 77, 84, 20
Gorgui Dieng, 63, 89, 93, 65, 91, 42, 71, 42, 1, 3, 5, 7, 95, 9, 9, 3, 5, 19, 17, 12, 13, 47, 37, 9, 12, 11, 13, 9, 83, 50, 82, 25, 57, 33, 97, 11, 5
Grant Williams, 9, 56, 36, 15, 69, 21, 52, 68, 87, 3, 0, 99, 53, 9, 9, 3, 5, 36, 79, 66, 78, 76, 97, 64, 90, 96, 90, 15, 55, 28, 68, 63, 88, 27, 45, 33, 40
Grayson Allen, 25, 23, 19, 25, 30, 8, 66, 97, 31, 95, 75, 16, 7, 10, 10, 93, 60, 57, 78, 63, 91, 36, 36, 34, 26, 83, 95, 11, 27, 30, 83, 89, 83, 58, 95, 65, 43
Greg Brown III, 32, 77, 70, 84, 89, 59, 6, 86, 77, 57, 42, 62, 1, 10, 10, 4, 12, 17, 18, 75, 60, 18, 36, 85, 82, 49, 19, 51, 23, 16, 78, 22, 19, 25, 11, 29, 5
Hamidou Diallo, 35, 69, 74, 95, 45, 64, 83, 74, 57, 58, 60, 56, 76, 67, 81, 54, 50, 61, 65, 56, 54, 9, 9, 76, 74, 58, 24, 80, 76, 40, 36, 28, 10, 58, 56, 70, 59
Harrison Barnes, 46, 54, 57, 20, 10, 62, 36, 48, 17, 94, 90, 60, 40, 73, 64, 72, 72, 57, 49, 64, 55, 75, 71, 56, 49, 65, 90, 54, 54, 40, 67, 69, 92, 58, 63, 83, 53
Hassan Whiteside, 1, 97, 98, 5, 100, 70, 81, 5, 11, 8, 1, 17, 26, 10, 10, 5, 19, 18, 19, 90, 92, 87, 87, 99, 66, 14, 26, 97, 97, 14, 85, 7, 14, 14, 5, 7, 98
Herbert Jones, 41, 59, 11, 93, 77, 14, 63, 88, 81, 43, 60, 61, 26, 44, 53, 56, 67, 51, 38, 6, 13, 10, 10, 67, 58, 84, 52, 58, 58, 11, 90, 53, 40, 21, 18, 59, 43
Ignas Brazdeikis, 44, 66, 15, 28, 10, 0, 44, 3, 35, 99, 81, 44, 51, 11, 11, 5, 20, 60, 73, 6, 7, 10, 10, 65, 86, 63, 40, 56, 60, 32, 3, 30, 32, 32, 53, 56, 49
Immanuel Quickley, 88, 13, 40, 55, 1, 28, 82, 83, 51, 63, 96, 25, 12, 88, 62, 57, 61, 91, 75, 6, 29, 10, 10, 28, 26, 46, 31, 43, 16, 36, 52, 30, 32, 88, 72, 81, 42
Isaac Okoro, 31, 55, 2, 56, 33, 33, 43, 42, 72, 47, 43, 59, 74, 61, 46, 12, 20, 45, 52, 0, 7, 11, 11, 66, 56, 77, 54, 58, 70, 4, 92, 43, 63, 23, 5, 54, 26
Isaiah Hartenstein, 72, 95, 73, 78, 95, 87, 95, 13, 48, 11, 1, 93, 25, 60, 75, 13, 21, 19, 20, 94, 89, 75, 68, 87, 62, 19, 41, 90, 95, 39, 87, 15, 97, 22, 24, 24, 31
Isaiah Joe, 30, 2, 11, 11, 4, 59, 50, 46, 79, 71, 41, 22, 84, 11, 11, 94, 94, 63, 35, 1, 6, 11, 11, 23, 10, 94, 87, 4, 28, 99, 6, 41, 61, 39, 13, 21, 18
Isaiah Roby, 51, 84, 65, 72, 83, 100, 58, 4, 99, 17, 2, 39, 20, 11, 11, 20, 21, 15, 16, 93, 75, 70, 74, 84, 59, 39, 80, 73, 38, 19, 96, 40, 65, 28, 98, 42, 33
Isaiah Stewart, 20, 93, 91, 1, 90, 47, 97, 32, 87, 17, 2, 98, 42, 11, 11, 20, 22, 14, 15, 84, 64, 90, 78, 98, 36, 20, 43, 89, 67, 5, 77, 15, 16, 7, 6, 9, 45
Ish Smith, 97, 37, 34, 87, 58, 23, 9, 53, 8, 18, 2, 7, 96, 12, 12, 20, 24, 14, 15, 1, 0, 11, 11, 8, 10, 9, 12, 34, 4, 99, 42, 10, 97, 81, 65, 84, 37
Ish Wainright, 10, 71, 4, 93, 41, 1, 42, 2, 85, 18, 3, 8, 96, 12, 12, 21, 22, 14, 13, 2, 1, 12, 11, 8, 10, 9, 9, 14, 18, 26, 5, 24, 25, 3, 4, 14, 98
Ivica Zubac, 42, 99, 92, 14, 93, 45, 90, 14, 3, 18, 3, 67, 52, 12, 12, 21, 22, 13, 11, 90, 77, 98, 94, 95, 59, 10, 7, 98, 93, 6, 87, 7, 12, 7, 97, 7, 95
Ja Morant, 95, 44, 49, 52, 20, 79, 91, 28, 28, 59, 80, 19, 55, 88, 82, 59, 85, 98, 77, 2, 1, 12, 12, 48, 54, 21, 34, 78, 53, 52, 65, 40, 41, 91, 57, 99, 69
JaMychal Green, 25, 82, 82, 77, 78, 62, 5, 46, 19, 19, 3, 56, 6, 13, 13, 21, 23, 13, 11, 95, 56, 78, 89, 89, 67, 30, 50, 71, 87, 37, 40, 44, 17, 9, 43, 8, 9
JaVale McGee, 3, 97, 96, 4, 98, 78, 96, 18, 24, 19, 4, 15, 59, 52, 43, 22, 23, 13, 11, 93, 96, 89, 83, 95, 66, 17, 56, 93, 91, 19, 92, 8, 8, 26, 61, 15, 28
Jaden McDaniels, 12, 60, 48, 30, 70, 52, 98, 66, 64, 58, 85, 89, 60, 13, 13, 69, 75, 40, 87, 61, 87, 13, 13, 70, 42, 89, 59, 38, 65, 38, 17, 69, 27, 42, 83, 49, 77
Jae Crowder, 24, 25, 72, 86, 62, 34, 23, 65, 64, 60, 48, 58, 60, 13, 13, 87, 85, 49, 94, 69, 75, 13, 13, 38, 39, 95, 67, 8, 14, 93, 56, 93, 54, 60, 51, 31, 86
Jae'Sean Tate, 71, 80, 59, 78, 66, 37, 67, 44, 65, 40, 44, 68, 30, 65, 97, 23, 24, 48, 95, 70, 83, 79, 95, 80, 67, 59, 28, 86, 80, 4, 74, 48, 25, 21, 70, 71, 68
Jakob Poeltl, 52, 96, 84, 19, 97, 95, 91, 5, 33, 22, 4, 64, 32, 47, 59, 23, 19, 12, 13, 98, 81, 90, 93, 93, 75, 13, 93, 93, 88, 19, 77, 23, 48, 24, 52, 23, 88
Jalen Brunson, 84, 24, 32, 57, 1, 9, 8, 93, 29, 82, 85, 14, 81, 91, 80, 60, 83, 88, 90, 50, 66, 69, 87, 9, 9, 44, 80, 72, 79, 61, 38, 49, 86, 87, 76, 96, 85
Jalen Green, 57, 20, 17, 16, 21, 93, 8, 38, 24, 85, 86, 38, 71, 87, 74, 82, 57, 85, 60, 3, 2, 36, 14, 30, 99, 37, 86, 42, 45, 71, 17, 76, 50, 85, 68, 85, 47
Jalen McDaniels, 29, 61, 64, 23, 61, 55, 81, 92, 74, 48, 64, 29, 1, 13, 13, 24, 15, 46, 97, 70, 59, 14, 36, 61, 27, 91, 76, 54, 56, 32, 52, 39, 63, 20, 60, 52, 50
Jalen Smith, 1, 85, 91, 7, 88, 81, 83, 18, 17, 20, 4, 4, 95, 14, 14, 24, 13, 11, 13, 4, 2, 14, 14, 9, 16, 10, 5, 62, 87, 14, 24, 56, 39, 20, 7, 17, 32
Jalen Suggs, 88, 31, 28, 92, 46, 44, 78, 69, 32, 76, 43, 18, 18, 73, 54, 55, 75, 86, 42, 4, 2, 67, 75, 33, 46, 38, 16, 52, 9, 58, 6, 50, 9, 78, 18, 86, 17
James Harden, 99, 39, 78, 68, 40, 69, 48, 44, 30, 60, 62, 54, 55, 100, 79, 25, 13, 87, 75, 5, 3, 14, 15, 42, 82, 18, 74, 82, 19, 73, 63, 16, 43, 94, 74, 98, 48
James Johnson, 70, 62, 58, 42, 76, 14, 90, 93, 75, 44, 45, 87, 78, 74, 80, 25, 14, 53, 98, 69, 59, 15, 15, 77, 44, 68, 22, 79, 60, 22, 62, 19, 19, 35, 12, 50, 88
Jared Butler, 92, 8, 33, 96, 68, 0, 40, 1, 83, 21, 5, 3, 89, 14, 14, 19, 14, 29, 14, 5, 3, 15, 15, 10, 9, 12, 6, 16, 29, 45, 40, 13, 59, 56, 83, 44, 70
Jaren Jackson Jr., 7, 62, 64, 37, 97, 84, 99, 31, 33, 73, 79, 73, 79, 62, 67, 87, 59, 39, 93, 76, 61, 91, 76, 71, 54, 58, 30, 75, 10, 15, 21, 92, 34, 38, 27, 74, 33
Jarred Vanderbilt, 19, 90, 92, 91, 62, 78, 78, 43, 91, 21, 5, 84, 7, 7, 7, 19, 15, 10, 7, 75, 83, 15, 15, 97, 43, 17, 17, 91, 69, 14, 97, 7, 5, 0, 25, 13, 18
Jarrett Allen, 18, 92, 91, 33, 92, 95, 99, 6, 95, 17, 9, 73, 24, 50, 98, 19, 15, 11, 34, 88, 92, 94, 92, 91, 91, 15, 38, 95, 97, 10, 85, 12, 12, 13, 83, 25, 99
Javonte Green, 7, 79, 46, 91, 68, 58, 74, 44, 84, 19, 12, 49, 43, 7, 7, 13, 15, 11, 15, 63, 51, 16, 16, 89, 50, 81, 55, 69, 79, 12, 91, 28, 42, 15, 83, 26, 85
Jaxson Hayes, 2, 79, 66, 8, 91, 31, 77, 89, 90, 17, 21, 90, 63, 7, 7, 13, 18, 11, 14, 86, 91, 68, 96, 91, 66, 26, 66, 86, 92, 27, 87, 18, 33, 16, 9, 19, 36
Jaylen Brown, 62, 36, 64, 62, 13, 33, 54, 70, 36, 56, 63, 22, 32, 83, 89, 91, 88, 68, 82, 49, 56, 75, 82, 38, 66, 45, 68, 69, 66, 77, 61, 90, 64, 89, 74, 91, 70
Jaylen Nowell, 73, 28, 28, 34, 23, 56, 5, 51, 56, 72, 48, 57, 11, 72, 81, 79, 89, 78, 87, 13, 4, 16, 17, 46, 98, 60, 77, 50, 57, 58, 61, 35, 72, 63, 89, 64, 48
Jayson Tatum, 73, 48, 79, 41, 44, 65, 88, 49, 44, 44, 55, 66, 67, 97, 72, 88, 68, 75, 88, 62, 62, 80, 72, 49, 56, 32, 75, 74, 54, 83, 41, 77, 61, 96, 66, 92, 55
Jeff Green, 14, 43, 22, 2, 56, 27, 27, 89, 89, 12, 12, 79, 54, 51, 44, 55, 66, 12, 14, 81, 75, 92, 91, 54, 28, 47, 73, 79, 92, 30, 36, 47, 29, 38, 28, 32, 90
Jerami Grant, 53, 16, 36, 67, 80, 66, 74, 64, 22, 83, 66, 78, 87, 92, 52, 88, 78, 58, 44, 65, 58, 81, 74, 36, 86, 58, 62, 36, 8, 85, 47, 96, 55, 82, 35, 83, 57
Jeremiah Robinson-Earl, 22, 78, 76, 40, 53, 89, 84, 19, 89, 12, 19, 58, 27, 3, 3, 15, 17, 12, 13, 99, 63, 17, 17, 83, 44, 54, 27, 2, 0, 2, 0, 3, 3, 6, 5, 3, 4
Jeremy Lamb, 58, 39, 57, 72, 61, 85, 6, 32, 99, 12, 19, 9, 98, 0, 0, 15, 17, 13, 15, 21, 4, 17, 9, 13, 11, 13, 1, 77, 5, 65, 50, 38, 41, 67, 59, 62, 27
Jericho Sims, 8, 95, 80, 18, 96, 3, 41, 3, 84, 13, 19, 60, 86, 1, 1, 16, 18, 15, 12, 96, 98, 17, 13, 96, 74, 9, 1, 85, 99, 35, 92, 0, 3, 4, 2, 3, 4
Jevon Carter, 69, 9, 25, 65, 45, 66, 32, 52, 63, 91, 71, 39, 62, 1, 1, 16, 25, 74, 49, 21, 4, 9, 9, 13, 12, 78, 41, 3, 3, 97, 19, 33, 53, 57, 93, 26, 7
Jimmy Butler, 85, 71, 49, 92, 69, 17, 24, 97, 59, 40, 58, 37, 33, 94, 76, 51, 74, 75, 56, 60, 70, 92, 75, 66, 90, 23, 18, 88, 32, 35, 29, 26, 15, 83, 48, 95, 60
Jock Landale, 41, 88, 48, 5, 74, 84, 98, 25, 87, 0, 0, 82, 67, 0, 0, 0, 0, 0, 0, 91, 78, 87, 92, 87, 52, 40, 84, 63, 83, 21, 87, 31, 30, 11, 85, 5, 0
Joe Ingles, 82, 2, 23, 20, 5, 5, 2, 92, 47, 87, 68, 26, 89, 1, 1, 93, 79, 81, 98, 21, 5, 4, 0, 14, 14, 71, 47, 5, 81, 74, 38, 67, 54, 60, 62, 60, 96
Joel Embiid, 77, 91, 98, 70, 89, 93, 87, 9, 37, 16, 20, 15, 75, 96, 74, 50, 58, 36, 90, 85, 81, 100, 81, 71, 60, 23, 62, 58, 71, 75, 30, 70, 53, 94, 61, 72, 92
John Collins, 26, 74, 83, 19, 82, 64, 70, 60, 3, 14, 20, 61, 15, 47, 95, 53, 66, 18, 12, 87, 96, 97, 77, 76, 48, 42, 32, 79, 74, 39, 80, 81, 48, 44, 50, 39, 85
John Konchar, 52, 65, 80, 28, 38, 92, 62, 29, 81, 50, 98, 26, 79, 2, 2, 17, 17, 45, 37, 22, 5, 1, 1, 85, 93, 85, 97, 23, 96, 33, 88, 29, 93, 28, 32, 27, 93
Jonas Valanciunas, 53, 89, 97, 4, 85, 30, 49, 17, 26, 14, 20, 16, 21, 50, 46, 60, 73, 18, 20, 89, 77, 99, 89, 90, 71, 17, 64, 85, 82, 25, 76, 63, 67, 43, 23, 30, 26
Jonathan Kuminga, 21, 71, 60, 25, 66, 66, 46, 45, 66, 47, 69, 87, 19, 70, 64, 58, 54, 43, 97, 71, 68, 85, 97, 70, 49, 60, 74, 69, 84, 32, 79, 37, 56, 28, 20, 50, 89
Jordan Clarkson, 65, 42, 15, 58, 15, 18, 39, 82, 43, 62, 71, 21, 85, 89, 81, 89, 79, 83, 89, 51, 51, 1, 1, 39, 64, 51, 30, 76, 45, 60, 17, 78, 28, 86, 81, 89, 75
Jordan McLaughlin, 90, 41, 8, 94, 20, 52, 49, 15, 5, 15, 21, 63, 19, 2, 2, 18, 17, 73, 48, 23, 5, 2, 2, 1, 1, 64, 38, 56, 17, 30, 16, 17, 35, 36, 44, 48, 8
Jordan Nwora, 21, 45, 68, 14, 52, 38, 19, 90, 42, 90, 40, 68, 22, 55, 95, 74, 63, 71, 69, 54, 64, 2, 2, 60, 60, 66, 57, 22, 25, 79, 13, 54, 38, 69, 45, 48, 39
Jordan Poole, 72, 13, 16, 23, 30, 26, 33, 74, 12, 96, 75, 26, 11, 82, 71, 95, 84, 78, 92, 50, 56, 2, 2, 28, 92, 30, 60, 29, 61, 65, 66, 88, 72, 85, 77, 83, 81
Jose Alvarado, 91, 34, 20, 100, 21, 7, 7, 99, 64, 73, 70, 24, 80, 59, 68, 7, 16, 89, 84, 23, 6, 3, 3, 1, 2, 50, 48, 64, 61, 24, 37, 29, 44, 52, 32, 71, 82
Josh Christopher, 72, 57, 37, 90, 25, 96, 3, 38, 55, 66, 40, 77, 46, 74, 48, 39, 16, 75, 81, 26, 6, 3, 3, 59, 76, 46, 34, 74, 63, 57, 7, 30, 28, 59, 47, 67, 46
Josh Giddey, 98, 73, 77, 50, 33, 95, 75, 33, 46, 55, 89, 66, 36, 68, 89, 18, 16, 91, 50, 24, 10, 3, 3, 65, 48, 39, 15, 54, 30, 29, 20, 63, 13, 76, 38, 93, 34
Josh Green, 48, 68, 32, 89, 51, 29, 28, 52, 82, 49, 37, 53, 34, 2, 2, 18, 14, 44, 43, 24, 14, 3, 3, 58, 39, 83, 42, 39, 66, 31, 56, 19, 56, 32, 33, 40, 32
Josh Hart, 75, 51, 79, 64, 27, 19, 18, 81, 42, 69, 52, 26, 12, 54, 91, 58, 62, 61, 83, 24, 14, 4, 4, 62, 44, 48, 50, 62, 86, 56, 56, 54, 41, 68, 76, 78, 87
Josh Jackson, 43, 46, 69, 43, 68, 80, 52, 39, 4, 22, 21, 4, 90, 3, 3, 17, 13, 17, 19, 25, 15, 4, 4, 2, 3, 8, 0, 59, 46, 60, 4, 44, 14, 51, 27, 42, 25
Josh Okogie, 19, 66, 9, 86, 58, 34, 92, 87, 6, 16, 22, 58, 39, 3, 3, 17, 19, 16, 19, 25, 22, 8, 8, 75, 32, 87, 28, 37, 3, 20, 64, 17, 15, 5, 100, 25, 28
Josh Richardson, 46, 36, 15, 69, 49, 74, 45, 24, 63, 55, 62, 71, 7, 59, 85, 67, 68, 65, 53, 25, 23, 5, 5, 43, 38, 96, 66, 47, 12, 82, 73, 75, 85, 65, 58, 68, 25
Joshua Primo, 48, 51, 9, 15, 67, 72, 75, 16, 48, 87, 56, 54, 68, 52, 95, 17, 21, 67, 72, 25, 23, 5, 5, 53, 96, 77, 29, 34, 15, 71, 42, 52, 21, 42, 28, 61, 11
Jrue Holiday, 96, 49, 18, 91, 52, 6, 58, 97, 41, 57, 56, 14, 84, 95, 92, 52, 58, 89, 93, 26, 23, 83, 94, 39, 59, 24, 79, 48, 58, 67, 82, 26, 93, 90, 94, 95, 72
Juan Toscano-Anderson, 72, 48, 62, 88, 59, 53, 52, 39, 87, 15, 22, 71, 73, 57, 72, 72, 98, 51, 66, 72, 60, 73, 85, 57, 79, 61, 59, 1, 1, 1, 1, 0, 2, 5, 1, 2, 3
Julius Randle, 88, 63, 92, 27, 44, 28, 83, 84, 74, 36, 46, 70, 17, 99, 66, 66, 55, 49, 56, 79, 67, 93, 69, 68, 62, 38, 25, 64, 28, 90, 15, 72, 18, 93, 41, 85, 52
Justin Holiday, 34, 11, 8, 58, 48, 58, 14, 42, 14, 99, 80, 59, 12, 3, 3, 97, 95, 41, 93, 55, 80, 5, 5, 3, 24, 79, 49, 13, 34, 83, 64, 95, 60, 65, 78, 37, 23
Justise Winslow, 63, 74, 81, 83, 79, 90, 85, 19, 94, 15, 23, 3, 91, 7, 7, 15, 24, 16, 19, 23, 24, 6, 6, 4, 25, 2, 11, 77, 33, 15, 33, 26, 11, 34, 12, 41, 30
Jusuf Nurkic, 66, 94, 97, 80, 64, 89, 47, 4, 1, 15, 23, 30, 66, 4, 4, 15, 23, 15, 18, 94, 84, 99, 77, 88, 51, 17, 23, 94, 76, 3, 66, 23, 9, 23, 21, 20, 79
Karl-Anthony Towns, 64, 80, 90, 31, 80, 60, 65, 27, 53, 42, 77, 55, 33, 92, 93, 78, 79, 35, 79, 81, 82, 94, 88, 77, 63, 37, 81, 2, 1, 2, 1, 1, 2, 2, 4, 3, 2
Keita Bates-Diop, 10, 74, 71, 52, 48, 70, 71, 61, 89, 14, 23, 96, 23, 4, 4, 14, 23, 15, 18, 14, 25, 7, 6, 86, 67, 56, 18, 2, 1, 0, 2, 4, 2, 2, 3, 2, 1
Keldon Johnson, 26, 48, 67, 26, 7, 67, 88, 47, 18, 91, 51, 49, 73, 50, 66, 61, 71, 62, 54, 50, 73, 67, 71, 60, 89, 84, 83, 68, 58, 43, 68, 90, 91, 56, 30, 82, 34
Kelly Oubre Jr., 6, 56, 37, 69, 42, 71, 39, 59, 25, 90, 76, 46, 28, 62, 67, 80, 56, 53, 42, 59, 90, 7, 6, 69, 52, 73, 72, 33, 52, 84, 70, 96, 50, 66, 67, 58, 52
Kenrich Williams, 71, 76, 52, 85, 25, 23, 89, 83, 94, 13, 18, 23, 36, 77, 91, 63, 76, 48, 94, 14, 25, 74, 64, 79, 58, 66, 54, 47, 70, 48, 13, 39, 44, 55, 54, 63, 63
Kentavious Caldwell-Pope, 34, 26, 18, 89, 29, 62, 17, 34, 36, 81, 57, 28, 40, 72, 54, 92, 91, 63, 79, 52, 99, 7, 7, 36, 34, 72, 69, 3, 1, 3, 3, 3, 1, 2, 3, 1, 1
Kenyon Martin Jr., 34, 66, 59, 9, 66, 72, 60, 62, 82, 38, 39, 75, 56, 4, 4, 14, 21, 10, 17, 78, 91, 66, 65, 81, 54, 75, 56, 68, 89, 9, 93, 41, 55, 13, 55, 41, 56
Kessler Edwards, 2, 59, 52, 60, 64, 92, 16, 30, 31, 11, 18, 84, 2, 5, 5, 14, 20, 17, 17, 72, 93, 7, 7, 75, 33, 86, 25, 24, 18, 61, 5, 61, 48, 35, 77, 19, 24
Kevin Durant, 82, 18, 75, 23, 64, 26, 93, 96, 16, 76, 90, 50, 34, 98, 92, 94, 91, 69, 89, 51, 50, 86, 93, 27, 95, 25, 73, 97, 50, 38, 89, 86, 79, 99, 91, 88, 80
Kevin Huerter, 57, 10, 23, 39, 41, 37, 17, 62, 37, 84, 87, 55, 24, 58, 58, 87, 76, 73, 64, 54, 66, 8, 7, 35, 80, 67, 92, 13, 42, 89, 54, 84, 90, 77, 74, 63, 46
Kevin Love, 58, 68, 95, 3, 43, 70, 89, 48, 53, 55, 62, 13, 47, 55, 52, 70, 63, 35, 78, 80, 82, 95, 77, 71, 79, 60, 78, 26, 41, 80, 54, 99, 70, 61, 69, 18, 48
Kevin Porter Jr., 95, 41, 40, 82, 36, 90, 4, 23, 37, 64, 53, 52, 5, 90, 66, 56, 89, 94, 75, 15, 26, 9, 8, 31, 99, 24, 99, 38, 21, 98, 46, 36, 99, 91, 67, 87, 42
Kevon Looney, 54, 94, 89, 33, 79, 39, 86, 27, 95, 13, 17, 81, 30, 5, 5, 25, 19, 10, 16, 80, 62, 71, 72, 95, 55, 18, 13, 89, 86, 9, 81, 10, 6, 22, 7, 16, 12
Khem Birch, 37, 86, 54, 32, 84, 74, 48, 22, 96, 21, 13, 74, 28, 5, 5, 24, 13, 7, 16, 91, 62, 18, 8, 96, 36, 21, 13, 85, 43, 34, 56, 13, 9, 17, 24, 10, 97
Khris Middleton, 86, 21, 54, 68, 28, 22, 46, 89, 36, 60, 83, 82, 18, 93, 73, 86, 57, 79, 85, 50, 52, 84, 81, 38, 72, 28, 96, 49, 37, 97, 53, 73, 66, 95, 78, 82, 64
Killian Hayes, 89, 25, 37, 91, 62, 54, 36, 48, 57, 69, 59, 39, 54, 81, 47, 23, 18, 84, 59, 15, 26, 27, 9, 42, 62, 46, 21, 57, 11, 66, 14, 42, 21, 65, 19, 77, 29
Kristaps Porzingis, 46, 83, 87, 60, 97, 85, 89, 25, 8, 21, 13, 9, 93, 5, 5, 23, 6, 0, 20, 15, 26, 18, 18, 25, 22, 4, 5, 64, 68, 57, 31, 98, 24, 72, 61, 46, 64
Kyle Anderson, 70, 54, 86, 81, 71, 89, 80, 41, 79, 45, 46, 47, 28, 69, 47, 62, 53, 60, 56, 59, 49, 28, 18, 79, 48, 63, 51, 83, 35, 34, 30, 27, 31, 52, 30, 60, 32
Kyle Kuzma, 65, 58, 91, 25, 70, 86, 82, 10, 27, 78, 79, 94, 76, 81, 77, 77, 66, 64, 56, 66, 58, 71, 79, 60, 57, 56, 47, 57, 52, 68, 49, 88, 46, 79, 36, 83, 62
Kyle Lowry, 97, 16, 38, 61, 38, 32, 15, 85, 32, 81, 74, 41, 77, 74, 96, 84, 64, 83, 82, 16, 27, 28, 18, 35, 44, 35, 93, 13, 51, 93, 69, 65, 59, 85, 91, 81, 81
LaMarcus Aldridge, 7, 83, 72, 3, 88, 33, 91, 36, 21, 20, 13, 87, 36, 6, 6, 22, 5, 1, 10, 100, 81, 97, 76, 81, 68, 32, 61, 51, 72, 78, 70, 84, 62, 62, 79, 8, 95
LaMelo Ball, 94, 62, 70, 85, 39, 69, 54, 58, 18, 83, 70, 27, 47, 73, 77, 58, 93, 91, 63, 17, 27, 28, 28, 48, 49, 37, 71, 41, 12, 40, 41, 85, 91, 91, 66, 96, 37
Lamar Stevens, 13, 69, 42, 65, 63, 25, 73, 55, 66, 58, 97, 73, 74, 61, 50, 22, 4, 46, 52, 19, 27, 72, 65, 72, 55, 73, 28, 73, 45, 36, 51, 22, 16, 48, 44, 42, 59
Lance Stephenson, 95, 9, 68, 68, 8, 4, 0, 100, 1, 20, 14, 10, 93, 6, 6, 21, 4, 1, 10, 17, 28, 29, 28, 25, 21, 5, 2, 28, 79, 95, 9, 21, 17, 74, 52, 72, 89
Landry Shamet, 43, 3, 5, 3, 11, 22, 79, 58, 42, 92, 44, 74, 45, 6, 6, 91, 96, 65, 68, 17, 28, 29, 28, 25, 21, 87, 83, 22, 13, 66, 55, 80, 79, 59, 46, 45, 14
Larry Nance Jr., 54, 78, 78, 77, 60, 73, 3, 63, 90, 19, 15, 1, 100, 14, 14, 13, 3, 1, 4, 17, 28, 29, 28, 24, 21, 6, 2, 70, 66, 23, 89, 30, 36, 18, 7, 16, 10
Lauri Markkanen, 9, 50, 65, 31, 56, 94, 53, 20, 62, 45, 96, 76, 30, 45, 49, 79, 53, 2, 4, 75, 58, 88, 90, 64, 77, 79, 47, 32, 48, 43, 17, 99, 64, 46, 15, 39, 46
LeBron James, 87, 57, 85, 64, 75, 56, 93, 47, 41, 46, 92, 67, 37, 96, 90, 62, 77, 70, 80, 68, 91, 89, 90, 50, 92, 22, 64, 46, 93, 95, 37, 75, 58, 93, 72, 84, 83
Lonnie Walker IV, 55, 4, 28, 42, 31, 56, 77, 54, 28, 88, 47, 40, 51, 66, 61, 80, 69, 77, 63, 18, 22, 30, 29, 29, 28, 70, 61, 27, 21, 86, 29, 79, 34, 80, 39, 75, 73
Lou Williams, 79, 26, 13, 69, 3, 51, 13, 98, 55, 78, 40, 10, 93, 91, 45, 12, 3, 96, 70, 18, 25, 30, 30, 22, 23, 36, 58, 30, 4, 98, 5, 17, 88, 75, 42, 69, 13
Luguentz Dort, 33, 31, 23, 38, 29, 4, 31, 99, 34, 67, 68, 11, 88, 69, 92, 70, 55, 71, 63, 18, 22, 31, 30, 47, 79, 76, 39, 38, 41, 74, 27, 98, 26, 71, 84, 90, 35
Luka Doncic, 99, 42, 93, 74, 58, 75, 47, 28, 23, 61, 94, 85, 54, 99, 94, 51, 86, 97, 83, 19, 18, 86, 79, 32, 89, 19, 23, 44, 62, 98, 36, 16, 26, 100, 76, 100, 83
Luke Kennard, 48, 4, 31, 16, 2, 91, 67, 13, 18, 97, 73, 87, 24, 15, 15, 99, 78, 62, 76, 54, 97, 31, 30, 17, 19, 57, 99, 16, 32, 95, 79, 91, 97, 75, 79, 45, 50
Malachi Flynn, 79, 10, 34, 59, 16, 1, 42, 3, 71, 79, 56, 65, 61, 94, 56, 5, 2, 88, 60, 19, 15, 32, 30, 17, 19, 43, 93, 31, 11, 91, 15, 21, 78, 58, 28, 49, 69
Malik Beasley, 27, 5, 30, 6, 6, 21, 36, 90, 40, 85, 48, 35, 67, 48, 67, 99, 64, 50, 96, 19, 15, 36, 31, 33, 81, 85, 86, 12, 9, 97, 65, 99, 74, 67, 68, 38, 13
Malik Monk, 62, 21, 28, 49, 40, 76, 16, 20, 43, 74, 87, 51, 65, 68, 57, 83, 83, 71, 84, 64, 99, 32, 31, 34, 99, 49, 63, 40, 74, 70, 50, 72, 90, 75, 75, 79, 62
Marcus Morris Sr., 49, 20, 55, 15, 37, 17, 17, 95, 39, 70, 94, 94, 23, 98, 74, 69, 83, 56, 58, 53, 85, 97, 75, 30, 32, 49, 79, 84, 40, 64, 31, 85, 69, 90, 69, 59, 77
Marcus Smart, 90, 19, 17, 97, 13, 6, 26, 99, 58, 45, 83, 19, 84, 76, 61, 57, 93, 74, 51, 52, 65, 72, 80, 44, 88, 77, 48, 50, 48, 52, 6, 82, 49, 54, 23, 85, 52
Marvin Bagley III, 3, 81, 89, 16, 55, 13, 63, 98, 93, 11, 16, 8, 93, 15, 15, 4, 2, 3, 3, 16, 16, 32, 31, 19, 2, 1, 12, 81, 77, 21, 74, 47, 13, 28, 14, 40, 47
Mason Plumlee, 67, 88, 88, 46, 83, 93, 73, 6, 93, 11, 17, 74, 77, 46, 44, 4, 2, 3, 3, 87, 95, 82, 67, 89, 40, 18, 88, 97, 92, 13, 95, 6, 5, 17, 16, 30, 91
Matisse Thybulle, 16, 49, 3, 99, 84, 40, 58, 34, 100, 4, 17, 36, 37, 15, 15, 5, 1, 4, 3, 67, 54, 33, 32, 53, 65, 88, 33, 25, 93, 19, 94, 38, 22, 14, 94, 17, 12
Maurice Harkless, 1, 23, 41, 64, 77, 20, 25, 98, 95, 4, 17, 67, 74, 23, 23, 2, 1, 5, 3, 15, 17, 33, 32, 20, 8, 98, 44, 19, 84, 15, 62, 38, 23, 14, 11, 23, 92
Max Strus, 23, 15, 36, 12, 49, 12, 36, 96, 21, 97, 72, 95, 39, 23, 23, 99, 87, 50, 97, 61, 82, 33, 32, 20, 8, 70, 97, 40, 55, 94, 81, 94, 87, 49, 90, 33, 14
Maxi Kleber, 21, 72, 81, 38, 91, 59, 87, 34, 97, 4, 25, 97, 61, 24, 24, 2, 1, 5, 4, 93, 76, 68, 66, 58, 65, 92, 26, 3, 87, 27, 4, 83, 37, 27, 8, 26, 8
Mikal Bridges, 25, 46, 15, 50, 46, 51, 32, 54, 58, 48, 88, 33, 50, 43, 44, 90, 70, 48, 93, 65, 97, 67, 99, 55, 40, 81, 72, 36, 89, 77, 76, 73, 67, 70, 81, 64, 92
Mike Conley, 94, 28, 7, 97, 31, 11, 53, 60, 38, 77, 92, 23, 32, 72, 75, 79, 92, 99, 86, 14, 17, 34, 32, 20, 14, 31, 89, 31, 39, 69, 58, 33, 89, 89, 93, 94, 41
Mike Muscala, 8, 58, 77, 51, 87, 82, 99, 11, 98, 3, 11, 48, 27, 24, 24, 1, 0, 9, 1, 99, 94, 34, 33, 69, 65, 66, 64, 3, 34, 59, 48, 85, 81, 15, 97, 4, 21
Miles Bridges, 59, 50, 71, 21, 68, 41, 64, 75, 26, 75, 89, 83, 29, 86, 82, 66, 64, 58, 91, 74, 74, 74, 66, 45, 89, 62, 57, 67, 62, 49, 73, 74, 55, 74, 39, 91, 75
Mitchell Robinson, 1, 99, 74, 72, 99, 41, 95, 67, 88, 2, 16, 31, 50, 24, 24, 1, 9, 9, 1, 89, 96, 73, 97, 100, 95, 7, 10, 96, 100, 7, 100, 4, 1, 1, 4, 1, 100
Mo Bamba, 19, 87, 90, 28, 98, 73, 86, 55, 78, 41, 84, 54, 48, 45, 60, 57, 99, 8, 0, 82, 62, 79, 71, 91, 75, 53, 50, 41, 75, 72, 48, 83, 73, 35, 16, 10, 6
Monte Morris, 74, 9, 10, 46, 18, 36, 12, 53, 27, 94, 91, 33, 7, 60, 57, 64, 97, 81, 73, 16, 21, 34, 33, 21, 13, 44, 91, 30, 46, 71, 72, 70, 89, 80, 78, 62, 79
Montrezl Harrell, 54, 91, 72, 13, 76, 10, 35, 61, 92, 2, 16, 41, 43, 67, 91, 1, 11, 8, 2, 89, 85, 98, 85, 90, 93, 14, 26, 91, 96, 17, 45, 9, 11, 38, 26, 17, 29
Moritz Wagner, 56, 76, 85, 36, 57, 13, 21, 67, 5, 1, 15, 88, 35, 46, 53, 0, 10, 7, 5, 83, 74, 74, 83, 63, 85, 74, 29, 35, 91, 59, 79, 64, 39, 8, 7, 36, 93
Moses Moody, 5, 52, 20, 1, 62, 38, 86, 84, 78, 65, 100, 51, 2, 25, 25, 97, 54, 9, 9, 20, 19, 35, 34, 21, 11, 93, 83, 20, 36, 69, 43, 34, 56, 27, 85, 30, 88
Myles Turner, 4, 72, 83, 25, 99, 99, 94, 8, 78, 39, 37, 80, 41, 25, 25, 3, 9, 7, 9, 85, 79, 93, 92, 74, 97, 69, 75, 55, 90, 26, 88, 86, 43, 37, 82, 34, 74
Naji Marshall, 56, 58, 61, 77, 46, 39, 51, 77, 79, 50, 98, 52, 70, 57, 94, 6, 9, 66, 66, 20, 19, 35, 34, 69, 31, 72, 14, 48, 39, 41, 32, 32, 7, 36, 48, 45, 65
Nassir Little, 23, 67, 69, 21, 78, 50, 75, 56, 47, 81, 44, 78, 82, 56, 51, 69, 99, 52, 98, 26, 19, 27, 34, 62, 61, 82, 57, 32, 66, 58, 29, 64, 38, 49, 72, 54, 82
Naz Reid, 28, 84, 77, 38, 91, 97, 95, 8, 2, 1, 15, 84, 19, 25, 25, 6, 8, 6, 9, 94, 76, 89, 75, 86, 72, 40, 42, 79, 71, 7, 48, 42, 48, 9, 8, 30, 90
Nemanja Bjelica, 76, 75, 84, 56, 71, 86, 47, 19, 52, 1, 15, 86, 49, 52, 84, 73, 71, 5, 8, 81, 79, 82, 70, 82, 58, 60, 37, 67, 43, 16, 24, 35, 58, 19, 43, 41, 15
Nic Claxton, 13, 93, 74, 30, 87, 24, 96, 86, 66, 1, 14, 99, 47, 25, 25, 12, 8, 5, 8, 95, 76, 27, 35, 93, 81, 5, 9, 96, 94, 7, 96, 3, 39, 4, 99, 14, 74
Nick Richards, 3, 86, 60, 20, 95, 92, 90, 31, 0, 0, 14, 1, 91, 26, 26, 11, 7, 9, 7, 23, 20, 22, 35, 21, 11, 5, 8, 99, 98, 3, 98, 4, 100, 12, 99, 4, 1
Nickeil Alexander-Walker, 66, 32, 30, 56, 54, 43, 4, 64, 17, 94, 60, 47, 55, 56, 45, 84, 61, 82, 61, 22, 20, 19, 35, 44, 27, 54, 32, 1, 2, 0, 1, 1, 4, 3, 0, 1, 0
Nicolas Batum, 45, 30, 67, 79, 76, 99, 71, 10, 63, 72, 58, 76, 64, 26, 26, 73, 52, 37, 52, 73, 83, 19, 36, 0, 9, 95, 97, 25, 43, 50, 53, 87, 84, 41, 54, 13, 95
Nikola Jokic, 93, 91, 99, 94, 85, 73, 61, 5, 43, 5, 13, 35, 32, 64, 90, 81, 92, 42, 99, 86, 72, 99, 97, 81, 73, 23, 70, 88, 90, 35, 83, 80, 50, 54, 80, 64, 97
Nikola Vucevic, 60, 82, 97, 58, 86, 87, 49, 9, 80, 36, 42, 42, 23, 43, 97, 52, 73, 20, 7, 99, 64, 97, 81, 72, 88, 30, 33, 47, 75, 33, 16, 100, 25, 44, 49, 40, 54
Norman Powell, 42, 15, 13, 48, 44, 12, 3, 95, 92, 5, 18, 11, 94, 26, 26, 9, 7, 30, 7, 22, 21, 19, 27, 21, 9, 4, 7, 70, 42, 53, 73, 77, 95, 79, 82, 82, 52
OG Anunoby, 51, 55, 41, 59, 45, 20, 50, 91, 34, 72, 67, 79, 56, 90, 50, 64, 79, 54, 50, 55, 59, 89, 73, 68, 62, 62, 71, 28, 33, 78, 34, 93, 81, 80, 29, 80, 11
Obi Toppin, 38, 70, 69, 5, 75, 23, 81, 96, 97, 10, 23, 69, 68, 26, 26, 9, 12, 30, 21, 77, 60, 80, 93, 72, 60, 80, 34, 61, 89, 22, 86, 46, 30, 18, 8, 34, 64
Omer Yurtseven, 35, 93, 99, 29, 83, 78, 87, 29, 86, 10, 22, 29, 44, 27, 27, 8, 25, 31, 5, 95, 71, 91, 68, 92, 42, 15, 14, 92, 60, 18, 39, 12, 6, 15, 14, 4, 65
Onyeka Okongwu, 24, 98, 75, 53, 99, 72, 85, 13, 96, 9, 24, 75, 78, 27, 27, 7, 37, 32, 21, 91, 99, 80, 95, 93, 81, 3, 6, 100, 94, 7, 99, 5, 40, 9, 96, 7, 97
Oshae Brissett, 15, 74, 74, 44, 51, 96, 23, 17, 60, 53, 51, 81, 22, 27, 27, 59, 95, 47, 38, 72, 57, 20, 19, 77, 41, 89, 40, 73, 21, 42, 23, 68, 50, 34, 17, 53, 16
Otto Porter Jr., 37, 75, 83, 79, 63, 97, 54, 7, 65, 58, 53, 95, 38, 28, 28, 92, 72, 39, 47, 74, 70, 20, 19, 78, 78, 75, 77, 20, 70, 63, 42, 68, 52, 44, 93, 21, 13
P.J. Tucker, 44, 69, 60, 52, 35, 5, 48, 99, 91, 8, 21, 83, 66, 28, 28, 26, 43, 32, 21, 74, 68, 70, 95, 74, 56, 86, 85, 22, 49, 24, 85, 58, 80, 24, 63, 24, 78
P.J. Washington, 44, 65, 63, 47, 81, 77, 55, 27, 73, 42, 54, 86, 25, 28, 28, 25, 42, 33, 30, 83, 79, 74, 84, 73, 60, 80, 66, 36, 63, 46, 74, 80, 60, 31, 64, 46, 79
Pascal Siakam, 83, 61, 81, 45, 55, 80, 79, 41, 47, 48, 93, 62, 83, 99, 74, 31, 42, 64, 67, 62, 89, 85, 86, 64, 42, 29, 48, 81, 54, 51, 34, 66, 62, 86, 45, 96, 74
Pat Connaughton, 21, 41, 52, 70, 30, 9, 20, 94, 46, 86, 78, 18, 6, 28, 28, 75, 77, 41, 70, 73, 90, 21, 19, 39, 100, 91, 89, 8, 89, 88, 83, 95, 82, 19, 88, 37, 95
Patrick Beverley, 91, 53, 51, 75, 80, 68, 34, 63, 75, 39, 64, 12, 70, 77, 65, 26, 41, 79, 60, 21, 21, 21, 20, 58, 72, 72, 69, 28, 31, 90, 44, 55, 76, 63, 28, 74, 56
Patty Mills, 46, 1, 1, 22, 11, 25, 15, 77, 13, 98, 86, 54, 34, 52, 49, 93, 71, 58, 45, 60, 83, 21, 20, 15, 11, 74, 91, 11, 25, 96, 60, 95, 93, 77, 54, 44, 16
Payton Pritchard, 81, 45, 22, 49, 7, 40, 25, 24, 75, 53, 99, 57, 81, 63, 100, 74, 73, 77, 76, 13, 20, 21, 20, 15, 12, 83, 64, 4, 17, 81, 66, 51, 90, 57, 91, 43, 15
Precious Achiuwa, 25, 77, 85, 8, 70, 90, 93, 16, 76, 38, 38, 94, 59, 75, 56, 44, 40, 33, 31, 82, 70, 75, 85, 85, 41, 45, 20, 78, 26, 28, 9, 49, 51, 45, 22, 47, 18
Quentin Grimes, 36, 44, 12, 83, 42, 7, 24, 95, 67, 62, 99, 34, 85, 29, 29, 85, 94, 48, 31, 13, 19, 22, 21, 56, 28, 98, 95, 9, 65, 89, 26, 68, 89, 49, 30, 21, 22
R.J. Hampton, 74, 26, 44, 67, 34, 28, 1, 78, 39, 91, 42, 11, 14, 63, 76, 39, 40, 76, 37, 9, 18, 22, 21, 37, 68, 57, 72, 50, 3, 53, 18, 42, 82, 50, 15, 78, 9
RJ Barrett, 62, 33, 56, 11, 15, 21, 29, 91, 30, 64, 95, 30, 72, 75, 58, 63, 57, 81, 46, 5, 18, 70, 79, 44, 46, 51, 30, 78, 14, 46, 14, 88, 57, 74, 26, 95, 26
Raul Neto, 84, 3, 14, 89, 2, 43, 10, 43, 49, 80, 90, 49, 16, 64, 58, 63, 53, 95, 88, 5, 17, 23, 21, 4, 13, 42, 27, 72, 44, 34, 79, 20, 11, 62, 81, 80, 57
Reggie Bullock, 16, 22, 34, 22, 22, 75, 21, 15, 60, 66, 49, 75, 20, 29, 29, 85, 75, 38, 43, 65, 55, 26, 21, 43, 46, 95, 81, 4, 19, 42, 37, 96, 68, 42, 47, 18, 20
Reggie Jackson, 86, 24, 18, 35, 11, 30, 81, 56, 46, 51, 49, 25, 3, 94, 58, 51, 95, 95, 74, 4, 17, 23, 22, 28, 33, 34, 31, 45, 24, 85, 18, 69, 26, 94, 54, 91, 40
Richaun Holmes, 17, 90, 89, 2, 86, 97, 94, 5, 3, 6, 3, 42, 27, 29, 29, 44, 38, 34, 33, 97, 87, 78, 100, 94, 83, 15, 99, 88, 95, 26, 86, 27, 72, 16, 25, 11, 99
Robert Covington, 17, 53, 73, 93, 88, 69, 68, 37, 73, 42, 46, 70, 26, 23, 23, 50, 38, 34, 34, 71, 69, 23, 23, 62, 70, 99, 50, 28, 7, 93, 75, 86, 66, 37, 93, 35, 16
Robert Williams III, 40, 97, 79, 57, 98, 7, 97, 83, 93, 6, 1, 95, 48, 30, 30, 42, 40, 28, 35, 83, 90, 23, 26, 99, 77, 2, 9, 95, 98, 17, 97, 5, 3, 3, 99, 5, 1
Rodney Hood, 31, 34, 12, 9, 27, 67, 7, 28, 3, 35, 1, 3, 97, 23, 23, 42, 44, 20, 34, 3, 16, 24, 23, 7, 14, 1, 10, 14, 7, 85, 28, 25, 30, 46, 44, 25, 33
Rodney McGruder, 36, 59, 33, 35, 19, 82, 78, 22, 69, 66, 67, 35, 82, 22, 22, 80, 96, 43, 36, 3, 16, 24, 23, 67, 69, 88, 100, 51, 28, 67, 81, 51, 91, 32, 42, 31, 78
Romeo Langford, 2, 51, 17, 44, 52, 18, 98, 26, 94, 32, 5, 89, 87, 15, 15, 41, 48, 51, 62, 3, 15, 24, 23, 73, 74, 97, 65, 52, 28, 16, 15, 32, 36, 32, 91, 38, 38
Royce O'Neale, 55, 42, 45, 74, 36, 40, 62, 63, 15, 32, 6, 60, 43, 16, 16, 39, 47, 21, 21, 71, 53, 25, 24, 59, 37, 99, 87, 6, 70, 9, 70, 72, 74, 26, 95, 38, 77
Rudy Gay, 33, 65, 71, 23, 59, 19, 77, 73, 13, 33, 24, 83, 3, 54, 44, 44, 49, 47, 96, 74, 65, 88, 95, 78, 95, 87, 36, 53, 26, 81, 28, 65, 45, 61, 44, 33, 6
Rudy Gobert, 4, 94, 99, 19, 99, 36, 99, 22, 36, 32, 11, 44, 26, 16, 16, 49, 47, 21, 22, 96, 93, 79, 94, 96, 91, 1, 9, 99, 98, 4, 99, 6, 5, 7, 6, 8, 36
Rui Hachimura, 17, 52, 62, 46, 26, 29, 30, 88, 61, 51, 99, 92, 8, 80, 50, 48, 46, 41, 49, 64, 97, 87, 81, 56, 96, 82, 56, 40, 65, 70, 57, 67, 95, 70, 31, 49, 73
Russell Westbrook, 97, 64, 75, 41, 15, 48, 11, 60, 49, 44, 56, 32, 73, 97, 83, 50, 98, 80, 71, 2, 26, 79, 68, 52, 34, 25, 36, 71, 38, 40, 19, 35, 23, 87, 40, 98, 54
Saddiq Bey, 60, 56, 53, 39, 14, 63, 73, 40, 40, 67, 66, 88, 72, 84, 70, 85, 65, 60, 55, 58, 78, 77, 68, 61, 48, 69, 49, 18, 18, 79, 34, 97, 70, 79, 35, 74, 30
Sandro Mamukelashvili, 39, 81, 51, 21, 72, 3, 44, 0, 83, 30, 10, 5, 96, 16, 16, 47, 45, 22, 22, 1, 28, 25, 25, 11, 7, 4, 11, 76, 76, 6, 97, 21, 95, 7, 50, 18, 89
Scottie Barnes, 68, 73, 63, 32, 65, 83, 69, 26, 64, 39, 77, 77, 56, 89, 73, 46, 45, 50, 95, 66, 61, 88, 82, 81, 82, 33, 20, 84, 78, 38, 32, 58, 18, 67, 46, 68, 39
Serge Ibaka, 30, 85, 83, 1, 94, 37, 83, 24, 10, 23, 10, 9, 97, 17, 17, 46, 44, 23, 30, 1, 25, 26, 25, 10, 1, 12, 12, 60, 85, 48, 77, 50, 46, 21, 35, 14, 97
Seth Curry, 69, 6, 10, 36, 9, 9, 19, 85, 25, 91, 98, 38, 75, 46, 47, 88, 84, 89, 91, 7, 24, 26, 25, 9, 1, 50, 68, 41, 59, 92, 78, 78, 98, 89, 90, 69, 83
Shai Gilgeous-Alexander, 94, 23, 41, 68, 73, 60, 66, 81, 68, 37, 95, 11, 86, 99, 83, 56, 62, 94, 68, 12, 24, 64, 90, 30, 78, 21, 52, 1, 3, 1, 2, 3, 0, 5, 1, 0, 2
Shake Milton, 76, 40, 19, 22, 37, 24, 69, 46, 54, 67, 62, 40, 25, 60, 45, 60, 52, 88, 64, 12, 23, 26, 25, 52, 95, 65, 35, 75, 23, 52, 13, 32, 44, 69, 40, 77, 44
Spencer Dinwiddie, 93, 39, 38, 47, 14, 13, 14, 79, 48, 54, 45, 34, 34, 95, 59, 45, 37, 97, 69, 11, 5, 17, 26, 41, 29, 33, 65, 68, 13, 62, 40, 43, 68, 83, 56, 90, 60
Stanley Johnson, 45, 53, 39, 76, 43, 88, 14, 10, 32, 24, 8, 72, 57, 17, 17, 45, 30, 39, 100, 67, 48, 36, 26, 63, 97, 89, 32, 27, 72, 25, 54, 45, 21, 33, 97, 43, 80
Stephen Curry, 84, 12, 52, 53, 25, 34, 57, 65, 10, 93, 68, 62, 5, 79, 97, 98, 85, 82, 91, 49, 73, 25, 26, 26, 84, 22, 66, 48, 75, 89, 57, 93, 79, 98, 89, 87, 70
Sterling Brown, 26, 64, 82, 21, 47, 54, 25, 36, 2, 24, 7, 68, 58, 17, 17, 38, 30, 50, 99, 9, 3, 25, 14, 70, 29, 95, 29, 18, 6, 72, 49, 31, 21, 30, 71, 32, 72
Steven Adams, 75, 96, 85, 43, 74, 83, 72, 8, 7, 25, 6, 13, 39, 46, 93, 30, 29, 23, 23, 79, 79, 91, 89, 99, 50, 14, 17, 97, 69, 8, 90, 5, 7, 11, 10, 13, 51
Svi Mykhailiuk, 45, 32, 32, 49, 6, 50, 70, 91, 55, 92, 73, 38, 83, 17, 17, 86, 52, 61, 44, 7, 3, 20, 54, 57, 32, 68, 36, 25, 15, 81, 7, 33, 28, 48, 40, 36, 29
Taj Gibson, 8, 85, 61, 31, 92, 49, 63, 70, 95, 26, 12, 33, 11, 18, 18, 30, 28, 23, 24, 89, 57, 76, 99, 97, 42, 32, 96, 58, 81, 44, 59, 23, 52, 12, 18, 6, 2
Talen Horton-Tucker, 70, 43, 27, 84, 56, 16, 40, 75, 44, 75, 81, 72, 36, 79, 48, 64, 86, 77, 80, 60, 66, 66, 65, 41, 34, 44, 19, 1, 0, 1, 0, 2, 1, 6, 1, 1, 3
Taurean Prince, 22, 32, 54, 60, 50, 57, 1, 66, 72, 56, 93, 77, 46, 48, 99, 71, 80, 47, 58, 64, 81, 19, 24, 48, 26, 90, 88, 27, 77, 62, 62, 59, 73, 44, 74, 36, 91
Terance Mann, 59, 67, 55, 30, 21, 79, 69, 18, 69, 43, 43, 45, 62, 65, 48, 58, 68, 68, 74, 7, 1, 31, 24, 70, 43, 42, 81, 43, 68, 55, 32, 28, 84, 71, 41, 69, 53
Terrence Ross, 55, 13, 24, 14, 23, 31, 13, 81, 13, 99, 61, 19, 13, 70, 68, 97, 84, 82, 54, 20, 1, 35, 22, 10, 5, 35, 54, 89, 17, 47, 26, 59, 25, 82, 53, 61, 72
Terry Rozier, 70, 30, 30, 66, 28, 55, 23, 49, 20, 85, 72, 47, 62, 67, 78, 91, 93, 70, 57, 52, 72, 34, 19, 48, 93, 55, 78, 63, 37, 73, 52, 97, 79, 88, 79, 89, 57
Thaddeus Young, 74, 84, 68, 98, 66, 54, 20, 70, 24, 28, 32, 5, 97, 18, 18, 29, 30, 24, 24, 42, 7, 32, 22, 12, 6, 13, 4, 94, 84, 3, 4, 15, 66, 23, 23, 22, 91
Thanasis Antetokounmpo, 20, 83, 62, 74, 78, 2, 41, 1, 85, 28, 34, 3, 95, 18, 18, 29, 27, 24, 25, 40, 13, 30, 27, 14, 6, 11, 4, 93, 83, 8, 91, 7, 5, 18, 17, 23, 50
Theo Maledon, 77, 38, 44, 86, 38, 81, 59, 29, 61, 60, 86, 15, 25, 63, 71, 68, 65, 74, 69, 45, 13, 30, 27, 46, 37, 86, 17, 33, 39, 44, 8, 44, 14, 50, 70, 75, 27
Tim Hardaway Jr., 49, 5, 38, 66, 12, 45, 28, 43, 22, 92, 73, 48, 15, 64, 75, 83, 72, 69, 59, 58, 71, 28, 34, 7, 7, 74, 44, 62, 15, 88, 20, 94, 40, 86, 57, 46, 28
Timothe Luwawu-Cabarrot, 26, 35, 14, 37, 32, 5, 55, 68, 30, 23, 27, 86, 45, 19, 19, 28, 26, 49, 41, 46, 12, 8, 33, 1, 7, 97, 45, 0, 2, 1, 2, 2, 0, 1, 2, 2, 3
Tobias Harris, 65, 60, 70, 7, 49, 62, 10, 30, 56, 46, 81, 93, 61, 83, 65, 66, 54, 70, 88, 63, 52, 90, 88, 57, 71, 55, 56, 83, 36, 42, 80, 66, 49, 78, 64, 86, 54
Tomas Satoransky, 93, 46, 34, 71, 7, 42, 30, 85, 56, 29, 28, 2, 99, 19, 19, 28, 26, 25, 25, 31, 12, 6, 29, 2, 8, 11, 1, 60, 10, 56, 10, 13, 8, 43, 22, 66, 24
Tony Bradley, 23, 95, 88, 8, 94, 85, 100, 7, 92, 27, 28, 13, 86, 19, 19, 27, 26, 25, 26, 96, 56, 6, 29, 94, 53, 11, 0, 95, 78, 13, 97, 8, 78, 6, 84, 5, 5
Tony Snell, 5, 23, 35, 7, 40, 21, 13, 78, 86, 26, 29, 1, 99, 19, 19, 26, 26, 25, 26, 30, 11, 5, 7, 3, 23, 12, 3, 7, 13, 86, 49, 47, 54, 23, 62, 19, 9
Torrey Craig, 28, 68, 58, 64, 57, 51, 58, 51, 80, 50, 48, 81, 30, 20, 20, 28, 25, 52, 40, 29, 11, 1, 5, 82, 83, 82, 33, 18, 73, 93, 43, 56, 37, 39, 29, 32, 47
Trae Young, 99, 22, 13, 45, 3, 15, 11, 76, 35, 52, 74, 17, 71, 96, 79, 52, 100, 99, 85, 28, 9, 1, 1, 30, 73, 19, 98, 42, 44, 68, 58, 19, 98, 99, 89, 99, 61
Tre Jones, 91, 38, 33, 75, 16, 65, 38, 38, 66, 56, 91, 29, 2, 72, 84, 32, 31, 87, 80, 36, 9, 0, 1, 44, 70, 41, 32, 82, 47, 30, 55, 11, 10, 54, 69, 72, 74
Tre Mann, 50, 18, 31, 70, 17, 68, 45, 57, 56, 54, 45, 14, 75, 76, 55, 75, 81, 95, 65, 37, 8, 13, 17, 38, 64, 48, 58, 32, 8, 49, 9, 43, 72, 83, 75, 80, 28
Trendon Watford, 64, 77, 75, 43, 83, 91, 29, 21, 13, 25, 30, 99, 4, 60, 98, 32, 36, 26, 26, 79, 53, 83, 96, 83, 93, 29, 17, 87, 62, 42, 88, 20, 11, 36, 17, 40, 86
Trent Forrest, 87, 44, 16, 85, 19, 30, 31, 75, 93, 24, 30, 34, 69, 81, 86, 37, 36, 97, 89, 34, 29, 16, 16, 6, 24, 41, 16, 90, 64, 15, 95, 10, 7, 20, 50, 70, 78
Trey Burke, 80, 7, 3, 38, 0, 3, 44, 3, 67, 59, 39, 74, 13, 91, 53, 37, 36, 92, 48, 33, 42, 15, 16, 6, 24, 52, 73, 36, 59, 90, 3, 24, 42, 68, 33, 52, 49
Trey Lyles, 29, 80, 87, 10, 67, 94, 33, 15, 67, 48, 97, 92, 41, 53, 46, 36, 36, 37, 99, 93, 69, 85, 99, 80, 63, 46, 25, 52, 72, 34, 22, 54, 42, 41, 19, 59, 76
Trey Murphy III, 13, 61, 45, 27, 28, 45, 32, 64, 68, 78, 38, 66, 88, 20, 20, 86, 66, 44, 35, 48, 40, 13, 17, 76, 77, 90, 62, 7, 10, 38, 21, 58, 76, 25, 13, 24, 4
Tristan Thompson, 13, 98, 86, 35, 81, 67, 65, 11, 10, 31, 29, 6, 90, 20, 20, 36, 35, 26, 27, 33, 44, 12, 13, 24, 23, 10, 11, 99, 53, 5, 83, 5, 10, 13, 34, 19, 21
Troy Brown Jr., 38, 62, 66, 81, 9, 53, 19, 32, 9, 34, 26, 46, 5, 21, 21, 36, 35, 56, 44, 34, 35, 11, 12, 65, 84, 94, 46, 35, 24, 68, 27, 37, 60, 26, 25, 29, 8
Ty Jerome, 85, 32, 5, 71, 11, 16, 13, 59, 77, 46, 41, 44, 85, 54, 85, 84, 60, 87, 75, 36, 37, 57, 12, 16, 17, 71, 22, 19, 13, 67, 8, 59, 24, 64, 49, 75, 55
Tyler Herro, 75, 13, 58, 13, 5, 44, 46, 46, 11, 93, 80, 88, 8, 85, 56, 82, 67, 89, 67, 36, 36, 61, 41, 29, 97, 28, 98, 71, 34, 73, 45, 72, 91, 96, 71, 93, 40
Tyrese Haliburton, 98, 27, 24, 94, 54, 75, 3, 40, 41, 70, 53, 20, 3, 80, 96, 56, 95, 98, 71, 32, 36, 57, 64, 33, 98, 32, 93, 45, 35, 49, 84, 37, 94, 91, 89, 94, 41
Tyrese Maxey, 76, 6, 9, 12, 33, 14, 55, 71, 38, 68, 60, 20, 31, 61, 93, 52, 90, 93, 83, 30, 36, 40, 60, 17, 18, 50, 74, 65, 56, 46, 58, 46, 98, 88, 75, 85, 65
Tyus Jones, 93, 1, 26, 59, 1, 31, 31, 78, 45, 86, 72, 31, 52, 68, 73, 35, 34, 93, 61, 44, 32, 48, 57, 18, 20, 45, 81, 72, 52, 54, 11, 48, 84, 77, 58, 73, 44
Wayne Ellington, 6, 12, 9, 42, 9, 17, 24, 73, 45, 96, 77, 27, 0, 21, 21, 96, 56, 27, 27, 46, 32, 37, 55, 19, 23, 90, 99, 5, 27, 91, 71, 74, 92, 53, 51, 15, 99
Wendell Carter Jr., 60, 86, 95, 12, 73, 48, 97, 41, 7, 33, 25, 85, 80, 57, 88, 35, 34, 35, 36, 92, 74, 86, 76, 83, 97, 35, 49, 64, 88, 28, 33, 81, 38, 47, 92, 48, 85
Wesley Matthews, 9, 52, 0, 24, 24, 5, 60, 66, 72, 72, 36, 78, 37, 21, 21, 70, 77, 27, 28, 43, 45, 50, 59, 68, 73, 96, 42, 9, 67, 13, 3, 58, 61, 31, 11, 28, 71
Will Barton, 66, 29, 50, 37, 54, 57, 18, 52, 33, 77, 74, 25, 9, 80, 78, 66, 65, 75, 61, 39, 47, 64, 64, 49, 61, 44, 39, 45, 30, 82, 72, 79, 70, 81, 73, 75, 51
Willy Hernangomez, 43, 96, 94, 10, 82, 83, 35, 12, 4, 31, 34, 30, 13, 21, 21, 34, 33, 28, 28, 91, 85, 95, 69, 97, 35, 9, 8, 99, 49, 5, 91, 9, 20, 17, 21, 7, 30
Xavier Tillman, 56, 81, 60, 88, 57, 94, 80, 21, 7, 34, 33, 91, 57, 22, 22, 33, 32, 28, 29, 87, 75, 77, 84, 88, 57, 31, 15, 82, 63, 18, 64, 14, 9, 30, 42, 12, 17
Zach LaVine, 77, 6, 48, 6, 35, 9, 48, 95, 31, 65, 79, 50, 58, 92, 83, 83, 74, 90, 81, 48, 80, 69, 70, 27, 31, 26, 89, 46, 62, 94, 59, 57, 97, 97, 66, 89, 68
Zeke Nnaji, 0, 87, 58, 13, 72, 2, 43, 1, 83, 13, 19, 97, 60, 1, 1, 16, 50, 19, 12, 83, 68, 9, 4, 94, 87, 74, 94, 65, 69, 61, 81, 45, 96, 13, 3, 15, 14
Ziaire Williams, 12, 11, 4, 17, 10, 35, 35, 71, 50, 83, 70, 51, 15, 30, 30, 79, 50, 54, 84, 0, 0, 0, 0, 40, 87, 79, 55, 21, 32, 78, 59, 70, 36, 53, 39, 27, 39